Drug,Pathway,DetailedPathway,Impact,MIC,Induction,Rep1,Rep2
Azithromycin,Ribosome,50S subunit,Static,0.25,0,/mnt/yasirvol/ANTIBIOTIC_STRESS_EXPERIMENT/ANALYSIS_BY_YASIRandKEITH/Azithromycin/AZITHROrep1/AZITHROrep1-25MIC_S59_L999_R1_001.out.gz.CP009273.insert_site_plot.gz,/mnt/yasirvol/ANTIBIOTIC_STRESS_EXPERIMENT/ANALYSIS_BY_YASIRandKEITH/Azithromycin/AZITHROrep2/AZITHROrep2-25MIC_S49_L999_R1_001.out.gz.CP009273.insert_site_plot.gz
Azithromycin,Ribosome,50S subunit,Static,2,0,/mnt/yasirvol/ANTIBIOTIC_STRESS_EXPERIMENT/ANALYSIS_BY_YASIRandKEITH/Azithromycin/AZITHROrep1/AZITHROrep1-2MIC_S41_L999_R1_001.out.gz.CP009273.insert_site_plot.gz,/mnt/yasirvol/ANTIBIOTIC_STRESS_EXPERIMENT/ANALYSIS_BY_YASIRandKEITH/Azithromycin/AZITHROrep2/AZITHROrep2-2MIC_S45_L999_R1_001.out.gz.CP009273.insert_site_plot.gz
Azithromycin,Ribosome,50S subunit,Static,0.5,0,/mnt/yasirvol/ANTIBIOTIC_STRESS_EXPERIMENT/ANALYSIS_BY_YASIRandKEITH/Azithromycin/AZITHROrep1/AZITHROrep1-5MIC_S52_L999_R1_001.out.gz.CP009273.insert_site_plot.gz,/mnt/yasirvol/ANTIBIOTIC_STRESS_EXPERIMENT/ANALYSIS_BY_YASIRandKEITH/Azithromycin/AZITHROrep2/AZITHROrep2-5MIC_S50_L999_R1_001.out.gz.CP009273.insert_site_plot.gz
Azithromycin,Ribosome,50S subunit,Static,1,0,/mnt/yasirvol/ANTIBIOTIC_STRESS_EXPERIMENT/ANALYSIS_BY_YASIRandKEITH/Azithromycin/AZITHROrep1/AZITHROrep1-MIC_S44_L999_R1_001.out.gz.CP009273.insert_site_plot.gz,/mnt/yasirvol/ANTIBIOTIC_STRESS_EXPERIMENT/ANALYSIS_BY_YASIRandKEITH/Azithromycin/AZITHROrep2/AZITHROrep2-MIC_S40_L999_R1_001.out.gz.CP009273.insert_site_plot.gz
Azithromycin,Ribosome,50S subunit,Static,0.25,1,/mnt/yasirvol/ANTIBIOTIC_STRESS_EXPERIMENT/ANALYSIS_BY_YASIRandKEITH/Azithromycin/AZITHROrep1/AZITHROrep1-25MIC1mM_S55_L999_R1_001.out.gz.CP009273.insert_site_plot.gz,/mnt/yasirvol/ANTIBIOTIC_STRESS_EXPERIMENT/ANALYSIS_BY_YASIRandKEITH/Azithromycin/AZITHROrep2/AZITHROrep2-25MIC1mM_S59_L999_R1_001.out.gz.CP009273.insert_site_plot.gz
Azithromycin,Ribosome,50S subunit,Static,2,1,/mnt/yasirvol/ANTIBIOTIC_STRESS_EXPERIMENT/ANALYSIS_BY_YASIRandKEITH/Azithromycin/AZITHROrep1/AZITHROrep1-2MIC1mM_S50_L999_R1_001.out.gz.CP009273.insert_site_plot.gz,/mnt/yasirvol/ANTIBIOTIC_STRESS_EXPERIMENT/ANALYSIS_BY_YASIRandKEITH/Azithromycin/AZITHROrep2/AZITHROrep2-2MIC1mM_S47_L999_R1_001.out.gz.CP009273.insert_site_plot.gz
Azithromycin,Ribosome,50S subunit,Static,0.5,1,/mnt/yasirvol/ANTIBIOTIC_STRESS_EXPERIMENT/ANALYSIS_BY_YASIRandKEITH/Azithromycin/AZITHROrep1/AZITHROrep1-5MIC1mM_S51_L999_R1_001.out.gz.CP009273.insert_site_plot.gz,/mnt/yasirvol/ANTIBIOTIC_STRESS_EXPERIMENT/ANALYSIS_BY_YASIRandKEITH/Azithromycin/AZITHROrep2/AZITHROrep2-5MIC1mM_S48_L999_R1_001.out.gz.CP009273.insert_site_plot.gz
Azithromycin,Ribosome,50S subunit,Static,1,1,/mnt/yasirvol/ANTIBIOTIC_STRESS_EXPERIMENT/ANALYSIS_BY_YASIRandKEITH/Azithromycin/AZITHROrep1/AZITHROrep1-MIC1mM_S43_L999_R1_001.out.gz.CP009273.insert_site_plot.gz,/mnt/yasirvol/ANTIBIOTIC_STRESS_EXPERIMENT/ANALYSIS_BY_YASIRandKEITH/Azithromycin/AZITHROrep2/AZITHROrep2-MIC1mM_S41_L999_R1_001.out.gz.CP009273.insert_site_plot.gz
Azithromycin,Ribosome,50S subunit,Static,0.25,2,/mnt/yasirvol/ANTIBIOTIC_STRESS_EXPERIMENT/ANALYSIS_BY_YASIRandKEITH/Azithromycin/AZITHROrep1/AZITHROrep1-25MIC-2mM_S56_L999_R1_001.out.gz.CP009273.insert_site_plot.gz,/mnt/yasirvol/ANTIBIOTIC_STRESS_EXPERIMENT/ANALYSIS_BY_YASIRandKEITH/Azithromycin/AZITHROrep2/AZITHROrep2-25MIC-2mM_S52_L999_R1_001.out.gz.CP009273.insert_site_plot.gz
Azithromycin,Ribosome,50S subunit,Static,2,2,/mnt/yasirvol/ANTIBIOTIC_STRESS_EXPERIMENT/ANALYSIS_BY_YASIRandKEITH/Azithromycin/AZITHROrep1/AZITHROrep1-2MIC-2mM_S39_L999_R1_001.out.gz.CP009273.insert_site_plot.gz,/mnt/yasirvol/ANTIBIOTIC_STRESS_EXPERIMENT/ANALYSIS_BY_YASIRandKEITH/Azithromycin/AZITHROrep2/AZITHROrep2-2MIC-2mM_S42_L999_R1_001.out.gz.CP009273.insert_site_plot.gz
Azithromycin,Ribosome,50S subunit,Static,0.5,2,/mnt/yasirvol/ANTIBIOTIC_STRESS_EXPERIMENT/ANALYSIS_BY_YASIRandKEITH/Azithromycin/AZITHROrep1/AZITHROrep1-5MIC-2mM_S47_L999_R1_001.out.gz.CP009273.insert_site_plot.gz,/mnt/yasirvol/ANTIBIOTIC_STRESS_EXPERIMENT/ANALYSIS_BY_YASIRandKEITH/Azithromycin/AZITHROrep2/AZITHROrep2-5MIC-2mM_S36_L999_R1_001.out.gz.CP009273.insert_site_plot.gz
Azithromycin,Ribosome,50S subunit,Static,1,2,/mnt/yasirvol/ANTIBIOTIC_STRESS_EXPERIMENT/ANALYSIS_BY_YASIRandKEITH/Azithromycin/AZITHROrep1/AZITHROrep1-MIC-2mM_S53_L999_R1_001.out.gz.CP009273.insert_site_plot.gz,/mnt/yasirvol/ANTIBIOTIC_STRESS_EXPERIMENT/ANALYSIS_BY_YASIRandKEITH/Azithromycin/AZITHROrep2/AZITHROrep2-MIC-2mM_S44_L999_R1_001.out.gz.CP009273.insert_site_plot.gz
Azithromycin,Ribosome,50S subunit,Static,0.25,pool,/mnt/yasirvol/ANTIBIOTIC_STRESS_EXPERIMENT/ANALYSIS_BY_YASIRandKEITH/combined_plots/Azithromycin-AZITHROrep1/combined/25MIC.insert_site_plot.gz,/mnt/yasirvol/ANTIBIOTIC_STRESS_EXPERIMENT/ANALYSIS_BY_YASIRandKEITH/combined_plots/Azithromycin-AZITHROrep2/combined/25MIC.insert_site_plot.gz
Azithromycin,Ribosome,50S subunit,Static,0.5,pool,/mnt/yasirvol/ANTIBIOTIC_STRESS_EXPERIMENT/ANALYSIS_BY_YASIRandKEITH/combined_plots/Azithromycin-AZITHROrep1/combined/5MIC.insert_site_plot.gz,/mnt/yasirvol/ANTIBIOTIC_STRESS_EXPERIMENT/ANALYSIS_BY_YASIRandKEITH/combined_plots/Azithromycin-AZITHROrep2/combined/5MIC.insert_site_plot.gz
Azithromycin,Ribosome,50S subunit,Static,1,pool,/mnt/yasirvol/ANTIBIOTIC_STRESS_EXPERIMENT/ANALYSIS_BY_YASIRandKEITH/combined_plots/Azithromycin-AZITHROrep1/combined/MIC.insert_site_plot.gz,/mnt/yasirvol/ANTIBIOTIC_STRESS_EXPERIMENT/ANALYSIS_BY_YASIRandKEITH/combined_plots/Azithromycin-AZITHROrep2/combined/MIC.insert_site_plot.gz
Azithromycin,Ribosome,50S subunit,Static,2,pool,/mnt/yasirvol/ANTIBIOTIC_STRESS_EXPERIMENT/ANALYSIS_BY_YASIRandKEITH/combined_plots/Azithromycin-AZITHROrep1/combined/2MIC.insert_site_plot.gz,/mnt/yasirvol/ANTIBIOTIC_STRESS_EXPERIMENT/ANALYSIS_BY_YASIRandKEITH/combined_plots/Azithromycin-AZITHROrep2/combined/2MIC.insert_site_plot.gz
Aztreonam,Cell wall,PBP,Cidal,0.25,0,/mnt/yasirvol/ANTIBIOTIC_STRESS_EXPERIMENT/ANALYSIS_BY_YASIRandKEITH/Aztreonam/ATMrep1/ATMrep1-25MIC_S39_L999_R1_001.out.gz.CP009273.insert_site_plot.gz,/mnt/yasirvol/ANTIBIOTIC_STRESS_EXPERIMENT/ANALYSIS_BY_YASIRandKEITH/Aztreonam/ATMrep2/ATMrep2-25MIC_S47_L999_R1_001.out.gz.CP009273.insert_site_plot.gz
Aztreonam,Cell wall,PBP,Cidal,2,0,/mnt/yasirvol/ANTIBIOTIC_STRESS_EXPERIMENT/ANALYSIS_BY_YASIRandKEITH/Aztreonam/ATMrep1/ATMrep1-2MIC_S58_L999_R1_001.out.gz.CP009273.insert_site_plot.gz,/mnt/yasirvol/ANTIBIOTIC_STRESS_EXPERIMENT/ANALYSIS_BY_YASIRandKEITH/Aztreonam/ATMrep2/ATMrep2-2MIC_S53_L999_R1_001.out.gz.CP009273.insert_site_plot.gz
Aztreonam,Cell wall,PBP,Cidal,0.5,0,/mnt/yasirvol/ANTIBIOTIC_STRESS_EXPERIMENT/ANALYSIS_BY_YASIRandKEITH/Aztreonam/ATMrep1/ATMrep1-5MIC_S50_L999_R1_001.out.gz.CP009273.insert_site_plot.gz,/mnt/yasirvol/ANTIBIOTIC_STRESS_EXPERIMENT/ANALYSIS_BY_YASIRandKEITH/Aztreonam/ATMrep2/ATMrep2-5MIC_S38_L999_R1_001.out.gz.CP009273.insert_site_plot.gz
Aztreonam,Cell wall,PBP,Cidal,1,0,/mnt/yasirvol/ANTIBIOTIC_STRESS_EXPERIMENT/ANALYSIS_BY_YASIRandKEITH/Aztreonam/ATMrep1/ATMrep1-MIC_S48_L999_R1_001.out.gz.CP009273.insert_site_plot.gz,/mnt/yasirvol/ANTIBIOTIC_STRESS_EXPERIMENT/ANALYSIS_BY_YASIRandKEITH/Aztreonam/ATMrep2/ATMrep2-MIC_S50_L999_R1_001.out.gz.CP009273.insert_site_plot.gz
Aztreonam,Cell wall,PBP,Cidal,0.25,1,/mnt/yasirvol/ANTIBIOTIC_STRESS_EXPERIMENT/ANALYSIS_BY_YASIRandKEITH/Aztreonam/ATMrep1/ATMrep1-25MIC1mM_S41_L999_R1_001.out.gz.CP009273.insert_site_plot.gz,/mnt/yasirvol/ANTIBIOTIC_STRESS_EXPERIMENT/ANALYSIS_BY_YASIRandKEITH/Aztreonam/ATMrep2/ATMrep2-25MIC1mM_S43_L999_R1_001.out.gz.CP009273.insert_site_plot.gz
Aztreonam,Cell wall,PBP,Cidal,2,1,/mnt/yasirvol/ANTIBIOTIC_STRESS_EXPERIMENT/ANALYSIS_BY_YASIRandKEITH/Aztreonam/ATMrep1/ATMrep1-2MIC1mM_S49_L999_R1_001.out.gz.CP009273.insert_site_plot.gz,/mnt/yasirvol/ANTIBIOTIC_STRESS_EXPERIMENT/ANALYSIS_BY_YASIRandKEITH/Aztreonam/ATMrep2/ATMrep2-2MIC1mM_S55_L999_R1_001.out.gz.CP009273.insert_site_plot.gz
Aztreonam,Cell wall,PBP,Cidal,0.5,1,/mnt/yasirvol/ANTIBIOTIC_STRESS_EXPERIMENT/ANALYSIS_BY_YASIRandKEITH/Aztreonam/ATMrep1/ATMrep1-5MIC1mM_S52_L999_R1_001.out.gz.CP009273.insert_site_plot.gz,/mnt/yasirvol/ANTIBIOTIC_STRESS_EXPERIMENT/ANALYSIS_BY_YASIRandKEITH/Aztreonam/ATMrep2/ATMrep2-5MIC1mM_S39_L999_R1_001.out.gz.CP009273.insert_site_plot.gz
Aztreonam,Cell wall,PBP,Cidal,1,1,/mnt/yasirvol/ANTIBIOTIC_STRESS_EXPERIMENT/ANALYSIS_BY_YASIRandKEITH/Aztreonam/ATMrep1/ATMrep1-MIC1mM_S60_L999_R1_001.out.gz.CP009273.insert_site_plot.gz,/mnt/yasirvol/ANTIBIOTIC_STRESS_EXPERIMENT/ANALYSIS_BY_YASIRandKEITH/Aztreonam/ATMrep2/ATMrep2-MIC1mM_S54_L999_R1_001.out.gz.CP009273.insert_site_plot.gz
Aztreonam,Cell wall,PBP,Cidal,0.25,2,/mnt/yasirvol/ANTIBIOTIC_STRESS_EXPERIMENT/ANALYSIS_BY_YASIRandKEITH/Aztreonam/ATMrep1/ATMrep1-25MIC-2mM_S37_L999_R1_001.out.gz.CP009273.insert_site_plot.gz,/mnt/yasirvol/ANTIBIOTIC_STRESS_EXPERIMENT/ANALYSIS_BY_YASIRandKEITH/Aztreonam/ATMrep2/ATMrep2-25MIC-2mM_S40_L999_R1_001.out.gz.CP009273.insert_site_plot.gz
Aztreonam,Cell wall,PBP,Cidal,2,2,/mnt/yasirvol/ANTIBIOTIC_STRESS_EXPERIMENT/ANALYSIS_BY_YASIRandKEITH/Aztreonam/ATMrep1/ATMrep1-2MIC-2mM_S54_L999_R1_001.out.gz.CP009273.insert_site_plot.gz,/mnt/yasirvol/ANTIBIOTIC_STRESS_EXPERIMENT/ANALYSIS_BY_YASIRandKEITH/Aztreonam/ATMrep2/ATMrep2-2MIC-2mM_S56_L999_R1_001.out.gz.CP009273.insert_site_plot.gz
Aztreonam,Cell wall,PBP,Cidal,0.5,2,/mnt/yasirvol/ANTIBIOTIC_STRESS_EXPERIMENT/ANALYSIS_BY_YASIRandKEITH/Aztreonam/ATMrep1/ATMrep1-5MIC-2mM_S45_L999_R1_001.out.gz.CP009273.insert_site_plot.gz,/mnt/yasirvol/ANTIBIOTIC_STRESS_EXPERIMENT/ANALYSIS_BY_YASIRandKEITH/Aztreonam/ATMrep2/ATMrep2-5MIC-2mM_S42_L999_R1_001.out.gz.CP009273.insert_site_plot.gz
Aztreonam,Cell wall,PBP,Cidal,1,2,/mnt/yasirvol/ANTIBIOTIC_STRESS_EXPERIMENT/ANALYSIS_BY_YASIRandKEITH/Aztreonam/ATMrep1/ATMrep1-MIC-2mM_S51_L999_R1_001.out.gz.CP009273.insert_site_plot.gz,/mnt/yasirvol/ANTIBIOTIC_STRESS_EXPERIMENT/ANALYSIS_BY_YASIRandKEITH/Aztreonam/ATMrep2/ATMrep2-MIC-2mM_S52_L999_R1_001.out.gz.CP009273.insert_site_plot.gz
Aztreonam,Cell wall,PBP,Cidal,0.25,pool,/mnt/yasirvol/ANTIBIOTIC_STRESS_EXPERIMENT/ANALYSIS_BY_YASIRandKEITH/combined_plots/Aztreonam-ATMrep1/combined/25MIC.insert_site_plot.gz,/mnt/yasirvol/ANTIBIOTIC_STRESS_EXPERIMENT/ANALYSIS_BY_YASIRandKEITH/combined_plots/Aztreonam-ATMrep2/combined/25MIC.insert_site_plot.gz
Aztreonam,Cell wall,PBP,Cidal,0.5,pool,/mnt/yasirvol/ANTIBIOTIC_STRESS_EXPERIMENT/ANALYSIS_BY_YASIRandKEITH/combined_plots/Aztreonam-ATMrep1/combined/5MIC.insert_site_plot.gz,/mnt/yasirvol/ANTIBIOTIC_STRESS_EXPERIMENT/ANALYSIS_BY_YASIRandKEITH/combined_plots/Aztreonam-ATMrep2/combined/5MIC.insert_site_plot.gz
Aztreonam,Cell wall,PBP,Cidal,1,pool,/mnt/yasirvol/ANTIBIOTIC_STRESS_EXPERIMENT/ANALYSIS_BY_YASIRandKEITH/combined_plots/Aztreonam-ATMrep1/combined/MIC.insert_site_plot.gz,/mnt/yasirvol/ANTIBIOTIC_STRESS_EXPERIMENT/ANALYSIS_BY_YASIRandKEITH/combined_plots/Aztreonam-ATMrep2/combined/MIC.insert_site_plot.gz
Aztreonam,Cell wall,PBP,Cidal,2,pool,/mnt/yasirvol/ANTIBIOTIC_STRESS_EXPERIMENT/ANALYSIS_BY_YASIRandKEITH/combined_plots/Aztreonam-ATMrep1/combined/2MIC.insert_site_plot.gz,/mnt/yasirvol/ANTIBIOTIC_STRESS_EXPERIMENT/ANALYSIS_BY_YASIRandKEITH/combined_plots/Aztreonam-ATMrep2/combined/2MIC.insert_site_plot.gz
Cefuroxime,Cell wall,PBP,Cidal,0.25,0,missing,/mnt/yasirvol/ANTIBIOTIC_STRESS_EXPERIMENT/ANALYSIS_BY_YASIRandKEITH/Cefuroxime/CXMrep2/CXMrep2-25MIC_S42_L999_R1_001.out.gz.CP009273.insert_site_plot.gz
Cefuroxime,Cell wall,PBP,Cidal,0.5,0,/mnt/yasirvol/ANTIBIOTIC_STRESS_EXPERIMENT/ANALYSIS_BY_YASIRandKEITH/Cefuroxime/CXMrep1/CXM0-5MIC_S27_L999_R1_001.out.gz.CP009273.insert_site_plot.gz,/mnt/yasirvol/ANTIBIOTIC_STRESS_EXPERIMENT/ANALYSIS_BY_YASIRandKEITH/Cefuroxime/CXMrep2/CXMrep2-5MIC_S47_L999_R1_001.out.gz.CP009273.insert_site_plot.gz
Cefuroxime,Cell wall,PBP,Cidal,2,0,/mnt/yasirvol/ANTIBIOTIC_STRESS_EXPERIMENT/ANALYSIS_BY_YASIRandKEITH/Cefuroxime/CXMrep1/CXM2MIC_S23_L999_R1_001.out.gz.CP009273.insert_site_plot.gz,/mnt/yasirvol/ANTIBIOTIC_STRESS_EXPERIMENT/ANALYSIS_BY_YASIRandKEITH/Cefuroxime/CXMrep2/CXMrep2-2MIC_S30_L999_R1_001.out.gz.CP009273.insert_site_plot.gz
Cefuroxime,Cell wall,PBP,Cidal,1,0,/mnt/yasirvol/ANTIBIOTIC_STRESS_EXPERIMENT/ANALYSIS_BY_YASIRandKEITH/Cefuroxime/CXMrep1/CXMMIC_S20_L999_R1_001.out.gz.CP009273.insert_site_plot.gz,/mnt/yasirvol/ANTIBIOTIC_STRESS_EXPERIMENT/ANALYSIS_BY_YASIRandKEITH/Cefuroxime/CXMrep2/CXMrep2-MIC_S25_L999_R1_001.out.gz.CP009273.insert_site_plot.gz
Cefuroxime,Cell wall,PBP,Cidal,0.25,1,missing,/mnt/yasirvol/ANTIBIOTIC_STRESS_EXPERIMENT/ANALYSIS_BY_YASIRandKEITH/Cefuroxime/CXMrep2/CXMrep2-25MIC1mM_S36_L999_R1_001.out.gz.CP009273.insert_site_plot.gz
Cefuroxime,Cell wall,PBP,Cidal,0.5,1,/mnt/yasirvol/ANTIBIOTIC_STRESS_EXPERIMENT/ANALYSIS_BY_YASIRandKEITH/Cefuroxime/CXMrep1/CXM0-5MIC1mM_S24_L999_R1_001.out.gz.CP009273.insert_site_plot.gz,/mnt/yasirvol/ANTIBIOTIC_STRESS_EXPERIMENT/ANALYSIS_BY_YASIRandKEITH/Cefuroxime/CXMrep2/CXMrep2-5MIC1mM_S41_L999_R1_001.out.gz.CP009273.insert_site_plot.gz
Cefuroxime,Cell wall,PBP,Cidal,2,1,/mnt/yasirvol/ANTIBIOTIC_STRESS_EXPERIMENT/ANALYSIS_BY_YASIRandKEITH/Cefuroxime/CXMrep1/CXM2MIC1mM_S25_L999_R1_001.out.gz.CP009273.insert_site_plot.gz,/mnt/yasirvol/ANTIBIOTIC_STRESS_EXPERIMENT/ANALYSIS_BY_YASIRandKEITH/Cefuroxime/CXMrep2/CXMrep2-2MIC1mM_S32_L999_R1_001.out.gz.CP009273.insert_site_plot.gz
Cefuroxime,Cell wall,PBP,Cidal,1,1,/mnt/yasirvol/ANTIBIOTIC_STRESS_EXPERIMENT/ANALYSIS_BY_YASIRandKEITH/Cefuroxime/CXMrep1/CXMMIC1mM_S26_L999_R1_001.out.gz.CP009273.insert_site_plot.gz,/mnt/yasirvol/ANTIBIOTIC_STRESS_EXPERIMENT/ANALYSIS_BY_YASIRandKEITH/Cefuroxime/CXMrep2/CXMrep2-MIC1mM_S24_L999_R1_001.out.gz.CP009273.insert_site_plot.gz
Cefuroxime,Cell wall,PBP,Cidal,0.25,2,missing,/mnt/yasirvol/ANTIBIOTIC_STRESS_EXPERIMENT/ANALYSIS_BY_YASIRandKEITH/Cefuroxime/CXMrep2/CXMrep2-25MIC-2mM_S44_L999_R1_001.out.gz.CP009273.insert_site_plot.gz
Cefuroxime,Cell wall,PBP,Cidal,0.5,2,/mnt/yasirvol/ANTIBIOTIC_STRESS_EXPERIMENT/ANALYSIS_BY_YASIRandKEITH/Cefuroxime/CXMrep1/CXM0-5MIC-2mM_S28_L999_R1_001.out.gz.CP009273.insert_site_plot.gz,/mnt/yasirvol/ANTIBIOTIC_STRESS_EXPERIMENT/ANALYSIS_BY_YASIRandKEITH/Cefuroxime/CXMrep2/CXMrep2-5MIC-2mM_S39_L999_R1_001.out.gz.CP009273.insert_site_plot.gz
Cefuroxime,Cell wall,PBP,Cidal,2,2,/mnt/yasirvol/ANTIBIOTIC_STRESS_EXPERIMENT/ANALYSIS_BY_YASIRandKEITH/Cefuroxime/CXMrep1/CXM2MIC-2mM_S21_L999_R1_001.out.gz.CP009273.insert_site_plot.gz,/mnt/yasirvol/ANTIBIOTIC_STRESS_EXPERIMENT/ANALYSIS_BY_YASIRandKEITH/Cefuroxime/CXMrep2/CXMrep2-2MIC-2mM_S28_L999_R1_001.out.gz.CP009273.insert_site_plot.gz
Cefuroxime,Cell wall,PBP,Cidal,1,2,/mnt/yasirvol/ANTIBIOTIC_STRESS_EXPERIMENT/ANALYSIS_BY_YASIRandKEITH/Cefuroxime/CXMrep1/CXMMIC-2mM_S22_L999_R1_001.out.gz.CP009273.insert_site_plot.gz,/mnt/yasirvol/ANTIBIOTIC_STRESS_EXPERIMENT/ANALYSIS_BY_YASIRandKEITH/Cefuroxime/CXMrep2/CXMrep2-MIC-2mM_S31_L999_R1_001.out.gz.CP009273.insert_site_plot.gz
Cefuroxime,Cell wall,PBP,Cidal,0.25,pool,missing,/mnt/yasirvol/ANTIBIOTIC_STRESS_EXPERIMENT/ANALYSIS_BY_YASIRandKEITH/combined_plots/Cefuroxime-CXMrep2/combined/25MIC.insert_site_plot.gz
Cefuroxime,Cell wall,PBP,Cidal,0.5,pool,/mnt/yasirvol/ANTIBIOTIC_STRESS_EXPERIMENT/ANALYSIS_BY_YASIRandKEITH/combined_plots/Cefuroxime-CXMrep1/combined/5MIC.insert_site_plot.gz,/mnt/yasirvol/ANTIBIOTIC_STRESS_EXPERIMENT/ANALYSIS_BY_YASIRandKEITH/combined_plots/Cefuroxime-CXMrep2/combined/5MIC.insert_site_plot.gz
Cefuroxime,Cell wall,PBP,Cidal,1,pool,/mnt/yasirvol/ANTIBIOTIC_STRESS_EXPERIMENT/ANALYSIS_BY_YASIRandKEITH/combined_plots/Cefuroxime-CXMrep1/combined/MIC.insert_site_plot.gz,/mnt/yasirvol/ANTIBIOTIC_STRESS_EXPERIMENT/ANALYSIS_BY_YASIRandKEITH/combined_plots/Cefuroxime-CXMrep2/combined/MIC.insert_site_plot.gz
Cefuroxime,Cell wall,PBP,Cidal,2,pool,/mnt/yasirvol/ANTIBIOTIC_STRESS_EXPERIMENT/ANALYSIS_BY_YASIRandKEITH/combined_plots/Cefuroxime-CXMrep1/combined/2MIC.insert_site_plot.gz,/mnt/yasirvol/ANTIBIOTIC_STRESS_EXPERIMENT/ANALYSIS_BY_YASIRandKEITH/combined_plots/Cefuroxime-CXMrep2/combined/2MIC.insert_site_plot.gz
Chloramphenicol,Ribosome,23S rRNA,Static,0.25,0,/mnt/yasirvol/ANTIBIOTIC_STRESS_EXPERIMENT/ANALYSIS_BY_YASIRandKEITH/Chloramphenicol/Chloramrep1/Chloramrep1-25MIC_S45_L999_R1_001.out.gz.CP009273.insert_site_plot.gz,/mnt/yasirvol/ANTIBIOTIC_STRESS_EXPERIMENT/ANALYSIS_BY_YASIRandKEITH/Chloramphenicol/Chloramrep2/Chlorm-rep2-25MIC_S31_L999_R1_001.out.gz.CP009273.insert_site_plot.gz
Chloramphenicol,Ribosome,23S rRNA,Static,2,0,/mnt/yasirvol/ANTIBIOTIC_STRESS_EXPERIMENT/ANALYSIS_BY_YASIRandKEITH/Chloramphenicol/Chloramrep1/Chloramrep1-2MIC_S29_L999_R1_001.out.gz.CP009273.insert_site_plot.gz,/mnt/yasirvol/ANTIBIOTIC_STRESS_EXPERIMENT/ANALYSIS_BY_YASIRandKEITH/Chloramphenicol/Chloramrep2/Chlorm-rep2-2MIC_S45_L999_R1_001.out.gz.CP009273.insert_site_plot.gz
Chloramphenicol,Ribosome,23S rRNA,Static,0.5,0,/mnt/yasirvol/ANTIBIOTIC_STRESS_EXPERIMENT/ANALYSIS_BY_YASIRandKEITH/Chloramphenicol/Chloramrep1/Chloramrep1-5MIC_S28_L999_R1_001.out.gz.CP009273.insert_site_plot.gz,/mnt/yasirvol/ANTIBIOTIC_STRESS_EXPERIMENT/ANALYSIS_BY_YASIRandKEITH/Chloramphenicol/Chloramrep2/Chlorm-rep2-5MIC_S30_L999_R1_001.out.gz.CP009273.insert_site_plot.gz
Chloramphenicol,Ribosome,23S rRNA,Static,1,0,/mnt/yasirvol/ANTIBIOTIC_STRESS_EXPERIMENT/ANALYSIS_BY_YASIRandKEITH/Chloramphenicol/Chloramrep1/Chloramrep1-MIC_S26_L999_R1_001.out.gz.CP009273.insert_site_plot.gz,/mnt/yasirvol/ANTIBIOTIC_STRESS_EXPERIMENT/ANALYSIS_BY_YASIRandKEITH/Chloramphenicol/Chloramrep2/Chlorm-rep2-MIC_S43_L999_R1_001.out.gz.CP009273.insert_site_plot.gz
Chloramphenicol,Ribosome,23S rRNA,Static,0.25,1,/mnt/yasirvol/ANTIBIOTIC_STRESS_EXPERIMENT/ANALYSIS_BY_YASIRandKEITH/Chloramphenicol/Chloramrep1/Chloramrep1-25MIC1mM_S44_L999_R1_001.out.gz.CP009273.insert_site_plot.gz,/mnt/yasirvol/ANTIBIOTIC_STRESS_EXPERIMENT/ANALYSIS_BY_YASIRandKEITH/Chloramphenicol/Chloramrep2/Chlorm-rep2-25MIC1mM_S34_L999_R1_001.out.gz.CP009273.insert_site_plot.gz
Chloramphenicol,Ribosome,23S rRNA,Static,2,1,/mnt/yasirvol/ANTIBIOTIC_STRESS_EXPERIMENT/ANALYSIS_BY_YASIRandKEITH/Chloramphenicol/Chloramrep1/Chloramrep1-2MIC1mM_S35_L999_R1_001.out.gz.CP009273.insert_site_plot.gz,/mnt/yasirvol/ANTIBIOTIC_STRESS_EXPERIMENT/ANALYSIS_BY_YASIRandKEITH/Chloramphenicol/Chloramrep2/Chlorm-rep2-2MIC1mM_S51_L999_R1_001.out.gz.CP009273.insert_site_plot.gz
Chloramphenicol,Ribosome,23S rRNA,Static,0.5,1,/mnt/yasirvol/ANTIBIOTIC_STRESS_EXPERIMENT/ANALYSIS_BY_YASIRandKEITH/Chloramphenicol/Chloramrep1/Chloramrep1-5MIC1mM_S30_L999_R1_001.out.gz.CP009273.insert_site_plot.gz,/mnt/yasirvol/ANTIBIOTIC_STRESS_EXPERIMENT/ANALYSIS_BY_YASIRandKEITH/Chloramphenicol/Chloramrep2/Chlorm-rep2-5MIC1mM_S35_L999_R1_001.out.gz.CP009273.insert_site_plot.gz
Chloramphenicol,Ribosome,23S rRNA,Static,1,1,/mnt/yasirvol/ANTIBIOTIC_STRESS_EXPERIMENT/ANALYSIS_BY_YASIRandKEITH/Chloramphenicol/Chloramrep1/Chloramrep1-MIC1mM_S36_L999_R1_001.out.gz.CP009273.insert_site_plot.gz,/mnt/yasirvol/ANTIBIOTIC_STRESS_EXPERIMENT/ANALYSIS_BY_YASIRandKEITH/Chloramphenicol/Chloramrep2/Chlorm-rep2-MIC1mM_S46_L999_R1_001.out.gz.CP009273.insert_site_plot.gz
Chloramphenicol,Ribosome,23S rRNA,Static,0.25,2,/mnt/yasirvol/ANTIBIOTIC_STRESS_EXPERIMENT/ANALYSIS_BY_YASIRandKEITH/Chloramphenicol/Chloramrep1/Chloramrep1-25MIC-2mM_S43_L999_R1_001.out.gz.CP009273.insert_site_plot.gz,/mnt/yasirvol/ANTIBIOTIC_STRESS_EXPERIMENT/ANALYSIS_BY_YASIRandKEITH/Chloramphenicol/Chloramrep2/Chlorm-rep2-25MIC-2mM_S40_L999_R1_001.out.gz.CP009273.insert_site_plot.gz
Chloramphenicol,Ribosome,23S rRNA,Static,2,2,/mnt/yasirvol/ANTIBIOTIC_STRESS_EXPERIMENT/ANALYSIS_BY_YASIRandKEITH/Chloramphenicol/Chloramrep1/Chloramrep1-2MIC-2mM_S27_L999_R1_001.out.gz.CP009273.insert_site_plot.gz,/mnt/yasirvol/ANTIBIOTIC_STRESS_EXPERIMENT/ANALYSIS_BY_YASIRandKEITH/Chloramphenicol/Chloramrep2/Chlorm-rep2-2MIC-2mM_S53_L999_R1_001.out.gz.CP009273.insert_site_plot.gz
Chloramphenicol,Ribosome,23S rRNA,Static,0.5,2,/mnt/yasirvol/ANTIBIOTIC_STRESS_EXPERIMENT/ANALYSIS_BY_YASIRandKEITH/Chloramphenicol/Chloramrep1/Chloramrep1-5MIC-2mM_S22_L999_R1_001.out.gz.CP009273.insert_site_plot.gz,/mnt/yasirvol/ANTIBIOTIC_STRESS_EXPERIMENT/ANALYSIS_BY_YASIRandKEITH/Chloramphenicol/Chloramrep2/Chlorm-rep2-5MIC-2mM_S33_L999_R1_001.out.gz.CP009273.insert_site_plot.gz
Chloramphenicol,Ribosome,23S rRNA,Static,1,2,/mnt/yasirvol/ANTIBIOTIC_STRESS_EXPERIMENT/ANALYSIS_BY_YASIRandKEITH/Chloramphenicol/Chloramrep1/Chloramrep1-MIC-2mM_S37_L999_R1_001.out.gz.CP009273.insert_site_plot.gz,/mnt/yasirvol/ANTIBIOTIC_STRESS_EXPERIMENT/ANALYSIS_BY_YASIRandKEITH/Chloramphenicol/Chloramrep2/Chlorm-rep2-MIC-2mM_S49_L999_R1_001.out.gz.CP009273.insert_site_plot.gz
Chloramphenicol,Ribosome,23S rRNA,Static,0.25,pool,/mnt/yasirvol/ANTIBIOTIC_STRESS_EXPERIMENT/ANALYSIS_BY_YASIRandKEITH/combined_plots/Chloramphenicol-Chloramrep1/combined/25MIC.insert_site_plot.gz,/mnt/yasirvol/ANTIBIOTIC_STRESS_EXPERIMENT/ANALYSIS_BY_YASIRandKEITH/combined_plots/Chloramphenicol-Chloramrep2/combined/25MIC.insert_site_plot.gz
Chloramphenicol,Ribosome,23S rRNA,Static,0.5,pool,/mnt/yasirvol/ANTIBIOTIC_STRESS_EXPERIMENT/ANALYSIS_BY_YASIRandKEITH/combined_plots/Chloramphenicol-Chloramrep1/combined/5MIC.insert_site_plot.gz,/mnt/yasirvol/ANTIBIOTIC_STRESS_EXPERIMENT/ANALYSIS_BY_YASIRandKEITH/combined_plots/Chloramphenicol-Chloramrep2/combined/5MIC.insert_site_plot.gz
Chloramphenicol,Ribosome,23S rRNA,Static,1,pool,/mnt/yasirvol/ANTIBIOTIC_STRESS_EXPERIMENT/ANALYSIS_BY_YASIRandKEITH/combined_plots/Chloramphenicol-Chloramrep1/combined/MIC.insert_site_plot.gz,/mnt/yasirvol/ANTIBIOTIC_STRESS_EXPERIMENT/ANALYSIS_BY_YASIRandKEITH/combined_plots/Chloramphenicol-Chloramrep2/combined/MIC.insert_site_plot.gz
Chloramphenicol,Ribosome,23S rRNA,Static,2,pool,/mnt/yasirvol/ANTIBIOTIC_STRESS_EXPERIMENT/ANALYSIS_BY_YASIRandKEITH/combined_plots/Chloramphenicol-Chloramrep1/combined/2MIC.insert_site_plot.gz,/mnt/yasirvol/ANTIBIOTIC_STRESS_EXPERIMENT/ANALYSIS_BY_YASIRandKEITH/combined_plots/Chloramphenicol-Chloramrep2/combined/2MIC.insert_site_plot.gz
Ciprofloxacin,DNA supercoiling,DNA gyrase A,Cidal,0.25,0,/mnt/yasirvol/ANTIBIOTIC_STRESS_EXPERIMENT/ANALYSIS_BY_YASIRandKEITH/Ciprofloxacin/CIPrep1/CIP0-25MIC.out.gz.CP009273.insert_site_plot.gz,/mnt/yasirvol/ANTIBIOTIC_STRESS_EXPERIMENT/ANALYSIS_BY_YASIRandKEITH/Ciprofloxacin/CIPrep2/CIPrep2---25MIC_S1_L999_R1_001.out.gz.CP009273.insert_site_plot.gz
Ciprofloxacin,DNA supercoiling,DNA gyrase A,Cidal,0.5,0,/mnt/yasirvol/ANTIBIOTIC_STRESS_EXPERIMENT/ANALYSIS_BY_YASIRandKEITH/Ciprofloxacin/CIPrep1/CIP0-5MIC_S6_L999_R1_001.out.gz.CP009273.insert_site_plot.gz,/mnt/yasirvol/ANTIBIOTIC_STRESS_EXPERIMENT/ANALYSIS_BY_YASIRandKEITH/Ciprofloxacin/CIPrep2/CIPrep2--0-5MIC_S11_L999_R1_001.out.gz.CP009273.insert_site_plot.gz
Ciprofloxacin,DNA supercoiling,DNA gyrase A,Cidal,2,0,/mnt/yasirvol/ANTIBIOTIC_STRESS_EXPERIMENT/ANALYSIS_BY_YASIRandKEITH/Ciprofloxacin/CIPrep1/CIP2MIC_S2_L999_R1_001.out.gz.CP009273.insert_site_plot.gz,/mnt/yasirvol/ANTIBIOTIC_STRESS_EXPERIMENT/ANALYSIS_BY_YASIRandKEITH/Ciprofloxacin/CIPrep2/CIPrep2--2MIC_S31_L999_R1_001.out.gz.CP009273.insert_site_plot.gz
Ciprofloxacin,DNA supercoiling,DNA gyrase A,Cidal,1,0,/mnt/yasirvol/ANTIBIOTIC_STRESS_EXPERIMENT/ANALYSIS_BY_YASIRandKEITH/Ciprofloxacin/CIPrep1/CIPMIC_S11_L999_R1_001.out.gz.CP009273.insert_site_plot.gz,/mnt/yasirvol/ANTIBIOTIC_STRESS_EXPERIMENT/ANALYSIS_BY_YASIRandKEITH/Ciprofloxacin/CIPrep2/CIPrep2--MIC_S27_L999_R1_001.out.gz.CP009273.insert_site_plot.gz
Ciprofloxacin,DNA supercoiling,DNA gyrase A,Cidal,0.25,1,/mnt/yasirvol/ANTIBIOTIC_STRESS_EXPERIMENT/ANALYSIS_BY_YASIRandKEITH/Ciprofloxacin/CIPrep1/CIP0-25MIC1mM.out.gz.CP009273.insert_site_plot.gz,/mnt/yasirvol/ANTIBIOTIC_STRESS_EXPERIMENT/ANALYSIS_BY_YASIRandKEITH/Ciprofloxacin/CIPrep2/CIPrep2---25MIC1mM_S6_L999_R1_001.out.gz.CP009273.insert_site_plot.gz
Ciprofloxacin,DNA supercoiling,DNA gyrase A,Cidal,0.5,1,/mnt/yasirvol/ANTIBIOTIC_STRESS_EXPERIMENT/ANALYSIS_BY_YASIRandKEITH/Ciprofloxacin/CIPrep1/CIP0-5MIC1mM_S5_L999_R1_001.out.gz.CP009273.insert_site_plot.gz,/mnt/yasirvol/ANTIBIOTIC_STRESS_EXPERIMENT/ANALYSIS_BY_YASIRandKEITH/Ciprofloxacin/CIPrep2/CIPrep2--0-5MIC1mM_S3_L999_R1_001.out.gz.CP009273.insert_site_plot.gz
Ciprofloxacin,DNA supercoiling,DNA gyrase A,Cidal,2,1,/mnt/yasirvol/ANTIBIOTIC_STRESS_EXPERIMENT/ANALYSIS_BY_YASIRandKEITH/Ciprofloxacin/CIPrep1/CIP2MIC1mM_S13_L999_R1_001.out.gz.CP009273.insert_site_plot.gz,/mnt/yasirvol/ANTIBIOTIC_STRESS_EXPERIMENT/ANALYSIS_BY_YASIRandKEITH/Ciprofloxacin/CIPrep2/CIPrep2--2MIC1mM_S28_L999_R1_001.out.gz.CP009273.insert_site_plot.gz
Ciprofloxacin,DNA supercoiling,DNA gyrase A,Cidal,1,1,/mnt/yasirvol/ANTIBIOTIC_STRESS_EXPERIMENT/ANALYSIS_BY_YASIRandKEITH/Ciprofloxacin/CIPrep1/CIPMIC1mM_S16_L999_R1_001.out.gz.CP009273.insert_site_plot.gz,/mnt/yasirvol/ANTIBIOTIC_STRESS_EXPERIMENT/ANALYSIS_BY_YASIRandKEITH/Ciprofloxacin/CIPrep2/CIPrep2--MIC1mM_S32_L999_R1_001.out.gz.CP009273.insert_site_plot.gz
Ciprofloxacin,DNA supercoiling,DNA gyrase A,Cidal,0.25,2,/mnt/yasirvol/ANTIBIOTIC_STRESS_EXPERIMENT/ANALYSIS_BY_YASIRandKEITH/Ciprofloxacin/CIPrep1/CIP0-25MIC-2mM.out.gz.CP009273.insert_site_plot.gz,/mnt/yasirvol/ANTIBIOTIC_STRESS_EXPERIMENT/ANALYSIS_BY_YASIRandKEITH/Ciprofloxacin/CIPrep2/CIPrep2---25MIC-2mM_S12_L999_R1_001.out.gz.CP009273.insert_site_plot.gz
Ciprofloxacin,DNA supercoiling,DNA gyrase A,Cidal,0.5,2,/mnt/yasirvol/ANTIBIOTIC_STRESS_EXPERIMENT/ANALYSIS_BY_YASIRandKEITH/Ciprofloxacin/CIPrep1/CIP0-5MIC-2mM_S15_L999_R1_001.out.gz.CP009273.insert_site_plot.gz,/mnt/yasirvol/ANTIBIOTIC_STRESS_EXPERIMENT/ANALYSIS_BY_YASIRandKEITH/Ciprofloxacin/CIPrep2/CIPrep2--0-5MIC-2mM_S10_L999_R1_001.out.gz.CP009273.insert_site_plot.gz
Ciprofloxacin,DNA supercoiling,DNA gyrase A,Cidal,2,2,/mnt/yasirvol/ANTIBIOTIC_STRESS_EXPERIMENT/ANALYSIS_BY_YASIRandKEITH/Ciprofloxacin/CIPrep1/CIP2MIC-2mM_S8_L999_R1_001.out.gz.CP009273.insert_site_plot.gz,/mnt/yasirvol/ANTIBIOTIC_STRESS_EXPERIMENT/ANALYSIS_BY_YASIRandKEITH/Ciprofloxacin/CIPrep2/CIPrep2--2MIC-2mM_S30_L999_R1_001.out.gz.CP009273.insert_site_plot.gz
Ciprofloxacin,DNA supercoiling,DNA gyrase A,Cidal,1,2,/mnt/yasirvol/ANTIBIOTIC_STRESS_EXPERIMENT/ANALYSIS_BY_YASIRandKEITH/Ciprofloxacin/CIPrep1/CIPMIC-2mM_S14_L999_R1_001.out.gz.CP009273.insert_site_plot.gz,/mnt/yasirvol/ANTIBIOTIC_STRESS_EXPERIMENT/ANALYSIS_BY_YASIRandKEITH/Ciprofloxacin/CIPrep2/CIPrep2--MIC-2mM_S29_L999_R1_001.out.gz.CP009273.insert_site_plot.gz
Ciprofloxacin,DNA supercoiling,DNA gyrase A,Cidal,0.25,pool,/mnt/yasirvol/ANTIBIOTIC_STRESS_EXPERIMENT/ANALYSIS_BY_YASIRandKEITH/Ciprofloxacin/CIPrep1/combined/CIP0-25MIC1mM.out.gz.CP009273.insert_site_plot.gz.insert_site_plot.gz,/mnt/yasirvol/ANTIBIOTIC_STRESS_EXPERIMENT/ANALYSIS_BY_YASIRandKEITH/combined_plots/Ciprofloxacin-CIPrep2/combined/25MIC.insert_site_plot.gz
Ciprofloxacin,DNA supercoiling,DNA gyrase A,Cidal,0.5,pool,/mnt/yasirvol/ANTIBIOTIC_STRESS_EXPERIMENT/ANALYSIS_BY_YASIRandKEITH/combined_plots/Ciprofloxacin-CIPrep1/combined/5MIC.insert_site_plot.gz,/mnt/yasirvol/ANTIBIOTIC_STRESS_EXPERIMENT/ANALYSIS_BY_YASIRandKEITH/combined_plots/Ciprofloxacin-CIPrep2/combined/5MIC.insert_site_plot.gz
Ciprofloxacin,DNA supercoiling,DNA gyrase A,Cidal,1,pool,/mnt/yasirvol/ANTIBIOTIC_STRESS_EXPERIMENT/ANALYSIS_BY_YASIRandKEITH/combined_plots/Ciprofloxacin-CIPrep1/combined/MIC.insert_site_plot.gz,/mnt/yasirvol/ANTIBIOTIC_STRESS_EXPERIMENT/ANALYSIS_BY_YASIRandKEITH/combined_plots/Ciprofloxacin-CIPrep2/combined/MIC.insert_site_plot.gz
Ciprofloxacin,DNA supercoiling,DNA gyrase A,Cidal,2,pool,/mnt/yasirvol/ANTIBIOTIC_STRESS_EXPERIMENT/ANALYSIS_BY_YASIRandKEITH/combined_plots/Ciprofloxacin-CIPrep1/combined/2MIC.insert_site_plot.gz,/mnt/yasirvol/ANTIBIOTIC_STRESS_EXPERIMENT/ANALYSIS_BY_YASIRandKEITH/combined_plots/Ciprofloxacin-CIPrep2/combined/2MIC.insert_site_plot.gz
Colistin,Cell membrane,Phospholipids,Cidal,0.25,0,/mnt/yasirvol/ANTIBIOTIC_STRESS_EXPERIMENT/ANALYSIS_BY_YASIRandKEITH/Colistin/Colistinrep1/Colistinrep1-25MIC_S35_L999_R1_001.out.gz.CP009273.insert_site_plot.gz,/mnt/yasirvol/ANTIBIOTIC_STRESS_EXPERIMENT/ANALYSIS_BY_YASIRandKEITH/Colistin/Colistinrep2/Colistinrep2-25MIC_S37_L999_R1_001.out.gz.CP009273.insert_site_plot.gz
Colistin,Cell membrane,Phospholipids,Cidal,2,0,/mnt/yasirvol/ANTIBIOTIC_STRESS_EXPERIMENT/ANALYSIS_BY_YASIRandKEITH/Colistin/Colistinrep1/Colistinrep1-2MIC_S38_L999_R1_001.out.gz.CP009273.insert_site_plot.gz,/mnt/yasirvol/ANTIBIOTIC_STRESS_EXPERIMENT/ANALYSIS_BY_YASIRandKEITH/Colistin/Colistinrep2/Colistinrep2-2MIC_S50_L999_R1_001.out.gz.CP009273.insert_site_plot.gz
Colistin,Cell membrane,Phospholipids,Cidal,0.5,0,/mnt/yasirvol/ANTIBIOTIC_STRESS_EXPERIMENT/ANALYSIS_BY_YASIRandKEITH/Colistin/Colistinrep1/Colistinrep1-5MIC_S47_L999_R1_001.out.gz.CP009273.insert_site_plot.gz,/mnt/yasirvol/ANTIBIOTIC_STRESS_EXPERIMENT/ANALYSIS_BY_YASIRandKEITH/Colistin/Colistinrep2/Colistinrep2-5MIC_S32_L999_R1_001.out.gz.CP009273.insert_site_plot.gz
Colistin,Cell membrane,Phospholipids,Cidal,1,0,/mnt/yasirvol/ANTIBIOTIC_STRESS_EXPERIMENT/ANALYSIS_BY_YASIRandKEITH/Colistin/Colistinrep1/Colistinrep1-MIC_S50_L999_R1_001.out.gz.CP009273.insert_site_plot.gz,/mnt/yasirvol/ANTIBIOTIC_STRESS_EXPERIMENT/ANALYSIS_BY_YASIRandKEITH/Colistin/Colistinrep2/Colistinrep2-MIC_S43_L999_R1_001.out.gz.CP009273.insert_site_plot.gz
Colistin,Cell membrane,Phospholipids,Cidal,0.25,1,/mnt/yasirvol/ANTIBIOTIC_STRESS_EXPERIMENT/ANALYSIS_BY_YASIRandKEITH/Colistin/Colistinrep1/Colistinrep1-25MIC1mM_S31_L999_R1_001.out.gz.CP009273.insert_site_plot.gz,/mnt/yasirvol/ANTIBIOTIC_STRESS_EXPERIMENT/ANALYSIS_BY_YASIRandKEITH/Colistin/Colistinrep2/Colistinrep2-25MIC1mM_S39_L999_R1_001.out.gz.CP009273.insert_site_plot.gz
Colistin,Cell membrane,Phospholipids,Cidal,2,1,/mnt/yasirvol/ANTIBIOTIC_STRESS_EXPERIMENT/ANALYSIS_BY_YASIRandKEITH/Colistin/Colistinrep1/Colistinrep1-2MIC1mM_S44_L999_R1_001.out.gz.CP009273.insert_site_plot.gz,/mnt/yasirvol/ANTIBIOTIC_STRESS_EXPERIMENT/ANALYSIS_BY_YASIRandKEITH/Colistin/Colistinrep2/Colistinrep2-2MIC1mM_S42_L999_R1_001.out.gz.CP009273.insert_site_plot.gz
Colistin,Cell membrane,Phospholipids,Cidal,0.5,1,/mnt/yasirvol/ANTIBIOTIC_STRESS_EXPERIMENT/ANALYSIS_BY_YASIRandKEITH/Colistin/Colistinrep1/Colistinrep1-5MIC1mM_S51_L999_R1_001.out.gz.CP009273.insert_site_plot.gz,/mnt/yasirvol/ANTIBIOTIC_STRESS_EXPERIMENT/ANALYSIS_BY_YASIRandKEITH/Colistin/Colistinrep2/Colistinrep2-5MIC1mM_S31_L999_R1_001.out.gz.CP009273.insert_site_plot.gz
Colistin,Cell membrane,Phospholipids,Cidal,1,1,/mnt/yasirvol/ANTIBIOTIC_STRESS_EXPERIMENT/ANALYSIS_BY_YASIRandKEITH/Colistin/Colistinrep1/Colistinrep1-MIC1mM_S52_L999_R1_001.out.gz.CP009273.insert_site_plot.gz,/mnt/yasirvol/ANTIBIOTIC_STRESS_EXPERIMENT/ANALYSIS_BY_YASIRandKEITH/Colistin/Colistinrep2/Colistinrep2-MIC1mM_S45_L999_R1_001.out.gz.CP009273.insert_site_plot.gz
Colistin,Cell membrane,Phospholipids,Cidal,0.25,2,/mnt/yasirvol/ANTIBIOTIC_STRESS_EXPERIMENT/ANALYSIS_BY_YASIRandKEITH/Colistin/Colistinrep1/Colistinrep1-25MIC-2mM_S34_L999_R1_001.out.gz.CP009273.insert_site_plot.gz,/mnt/yasirvol/ANTIBIOTIC_STRESS_EXPERIMENT/ANALYSIS_BY_YASIRandKEITH/Colistin/Colistinrep2/Colistinrep2-25MIC-2mM_S40_L999_R1_001.out.gz.CP009273.insert_site_plot.gz
Colistin,Cell membrane,Phospholipids,Cidal,2,2,/mnt/yasirvol/ANTIBIOTIC_STRESS_EXPERIMENT/ANALYSIS_BY_YASIRandKEITH/Colistin/Colistinrep1/Colistinrep1-2MIC-2mM_S45_L999_R1_001.out.gz.CP009273.insert_site_plot.gz,/mnt/yasirvol/ANTIBIOTIC_STRESS_EXPERIMENT/ANALYSIS_BY_YASIRandKEITH/Colistin/Colistinrep2/Colistinrep2-2MIC-2mM_S49_L999_R1_001.out.gz.CP009273.insert_site_plot.gz
Colistin,Cell membrane,Phospholipids,Cidal,0.5,2,/mnt/yasirvol/ANTIBIOTIC_STRESS_EXPERIMENT/ANALYSIS_BY_YASIRandKEITH/Colistin/Colistinrep1/Colistinrep1-5MIC-2mM_S40_L999_R1_001.out.gz.CP009273.insert_site_plot.gz,/mnt/yasirvol/ANTIBIOTIC_STRESS_EXPERIMENT/ANALYSIS_BY_YASIRandKEITH/Colistin/Colistinrep2/Colistinrep2-5MIC-2mM_S30_L999_R1_001.out.gz.CP009273.insert_site_plot.gz
Colistin,Cell membrane,Phospholipids,Cidal,1,2,/mnt/yasirvol/ANTIBIOTIC_STRESS_EXPERIMENT/ANALYSIS_BY_YASIRandKEITH/Colistin/Colistinrep1/Colistinrep1-MIC-2mM_S49_L999_R1_001.out.gz.CP009273.insert_site_plot.gz,/mnt/yasirvol/ANTIBIOTIC_STRESS_EXPERIMENT/ANALYSIS_BY_YASIRandKEITH/Colistin/Colistinrep2/Colistinrep2-MIC-2mM_S51_L999_R1_001.out.gz.CP009273.insert_site_plot.gz
Colistin,Cell membrane,Phospholipids,Cidal,0.25,pool,/mnt/yasirvol/ANTIBIOTIC_STRESS_EXPERIMENT/ANALYSIS_BY_YASIRandKEITH/combined_plots/Colistin-Colistinrep1/combined/25MIC.insert_site_plot.gz,/mnt/yasirvol/ANTIBIOTIC_STRESS_EXPERIMENT/ANALYSIS_BY_YASIRandKEITH/combined_plots/Colistin-Colistin_rep2_concatenadfiles/combined/25MIC.insert_site_plot.gz
Colistin,Cell membrane,Phospholipids,Cidal,0.5,pool,/mnt/yasirvol/ANTIBIOTIC_STRESS_EXPERIMENT/ANALYSIS_BY_YASIRandKEITH/combined_plots/Colistin-Colistinrep1/combined/5MIC.insert_site_plot.gz,/mnt/yasirvol/ANTIBIOTIC_STRESS_EXPERIMENT/ANALYSIS_BY_YASIRandKEITH/combined_plots/Colistin-Colistin_rep2_concatenadfiles/combined/5MIC.insert_site_plot.gz
Colistin,Cell membrane,Phospholipids,Cidal,1,pool,/mnt/yasirvol/ANTIBIOTIC_STRESS_EXPERIMENT/ANALYSIS_BY_YASIRandKEITH/combined_plots/Colistin-Colistinrep1/combined/MIC.insert_site_plot.gz,/mnt/yasirvol/ANTIBIOTIC_STRESS_EXPERIMENT/ANALYSIS_BY_YASIRandKEITH/combined_plots/Colistin-Colistin_rep2_concatenadfiles/combined/MIC.insert_site_plot.gz
Colistin,Cell membrane,Phospholipids,Cidal,2,pool,/mnt/yasirvol/ANTIBIOTIC_STRESS_EXPERIMENT/ANALYSIS_BY_YASIRandKEITH/combined_plots/Colistin-Colistinrep1/combined/2MIC.insert_site_plot.gz,/mnt/yasirvol/ANTIBIOTIC_STRESS_EXPERIMENT/ANALYSIS_BY_YASIRandKEITH/combined_plots/Colistin-Colistin_rep2_concatenadfiles/combined/2MIC.insert_site_plot.gz
ControlLB_DMSO,control,control,control,0125X,0,/mnt/yasirvol/ANTIBIOTIC_STRESS_EXPERIMENT/ANALYSIS_BY_YASIRandKEITH/ControlLB_DMSO/controlLBandDMSOrep1-0125X_S50_L999_R1_001.out.gz.CP009273.insert_site_plot.gz,/mnt/yasirvol/ANTIBIOTIC_STRESS_EXPERIMENT/ANALYSIS_BY_YASIRandKEITH/ControlLB_DMSO/controlLBandDMSOrep2-0125X_S37_L999_R1_001.out.gz.CP009273.insert_site_plot.gz
ControlLB_DMSO,control,control,control,1X,0,/mnt/yasirvol/ANTIBIOTIC_STRESS_EXPERIMENT/ANALYSIS_BY_YASIRandKEITH/ControlLB_DMSO/controlLBandDMSOrep1-1X_S54_L999_R1_001.out.gz.CP009273.insert_site_plot.gz,/mnt/yasirvol/ANTIBIOTIC_STRESS_EXPERIMENT/ANALYSIS_BY_YASIRandKEITH/ControlLB_DMSO/controlLBandDMSOrep2-1X_S43_L999_R1_001.out.gz.CP009273.insert_site_plot.gz
ControlLB_DMSO,control,control,control,0125X,0,/mnt/yasirvol/ANTIBIOTIC_STRESS_EXPERIMENT/ANALYSIS_BY_YASIRandKEITH/ControlLB_DMSO/MEVgc3X06m/controlLBandDMSOrep1-0125X_S50_L999_R1_001.out.CP009273.insert_site_plot.gz,/mnt/yasirvol/ANTIBIOTIC_STRESS_EXPERIMENT/ANALYSIS_BY_YASIRandKEITH/ControlLB_DMSO/MEVgc3X06m/controlLBandDMSOrep2-0125X_S37_L999_R1_001.out.CP009273.insert_site_plot.gz
ControlLB_DMSO,control,control,control,1X,0,/mnt/yasirvol/ANTIBIOTIC_STRESS_EXPERIMENT/ANALYSIS_BY_YASIRandKEITH/ControlLB_DMSO/MEVgc3X06m/controlLBandDMSOrep1-1X_S54_L999_R1_001.out.CP009273.insert_site_plot.gz,/mnt/yasirvol/ANTIBIOTIC_STRESS_EXPERIMENT/ANALYSIS_BY_YASIRandKEITH/ControlLB_DMSO/MEVgc3X06m/controlLBandDMSOrep2-1X_S43_L999_R1_001.out.CP009273.insert_site_plot.gz
ControlLB_DMSO,control,control,control,0125X,1,/mnt/yasirvol/ANTIBIOTIC_STRESS_EXPERIMENT/ANALYSIS_BY_YASIRandKEITH/ControlLB_DMSO/controlLBandDMSOrep1-0125X-1mM_S56_L999_R1_001.out.gz.CP009273.insert_site_plot.gz,/mnt/yasirvol/ANTIBIOTIC_STRESS_EXPERIMENT/ANALYSIS_BY_YASIRandKEITH/ControlLB_DMSO/controlLBandDMSOrep2-0125X-1mM_S39_L999_R1_001.out.gz.CP009273.insert_site_plot.gz
ControlLB_DMSO,control,control,control,1X,1,/mnt/yasirvol/ANTIBIOTIC_STRESS_EXPERIMENT/ANALYSIS_BY_YASIRandKEITH/ControlLB_DMSO/controlLBandDMSOrep1-1X-1mM_S59_L999_R1_001.out.gz.CP009273.insert_site_plot.gz,/mnt/yasirvol/ANTIBIOTIC_STRESS_EXPERIMENT/ANALYSIS_BY_YASIRandKEITH/ControlLB_DMSO/controlLBandDMSOrep2-1X-1mM_S42_L999_R1_001.out.gz.CP009273.insert_site_plot.gz
ControlLB_DMSO,control,control,control,0125X,1,/mnt/yasirvol/ANTIBIOTIC_STRESS_EXPERIMENT/ANALYSIS_BY_YASIRandKEITH/ControlLB_DMSO/MEVgc3X06m/controlLBandDMSOrep1-0125X-1mM_S56_L999_R1_001.out.CP009273.insert_site_plot.gz,/mnt/yasirvol/ANTIBIOTIC_STRESS_EXPERIMENT/ANALYSIS_BY_YASIRandKEITH/ControlLB_DMSO/MEVgc3X06m/controlLBandDMSOrep2-0125X-1mM_S39_L999_R1_001.out.CP009273.insert_site_plot.gz
ControlLB_DMSO,control,control,control,1X,1,/mnt/yasirvol/ANTIBIOTIC_STRESS_EXPERIMENT/ANALYSIS_BY_YASIRandKEITH/ControlLB_DMSO/MEVgc3X06m/controlLBandDMSOrep1-1X-1mM_S59_L999_R1_001.out.CP009273.insert_site_plot.gz,/mnt/yasirvol/ANTIBIOTIC_STRESS_EXPERIMENT/ANALYSIS_BY_YASIRandKEITH/ControlLB_DMSO/MEVgc3X06m/controlLBandDMSOrep2-1X-1mM_S42_L999_R1_001.out.CP009273.insert_site_plot.gz
ControlLB_DMSO,control,control,control,0125X,2,/mnt/yasirvol/ANTIBIOTIC_STRESS_EXPERIMENT/ANALYSIS_BY_YASIRandKEITH/ControlLB_DMSO/controlLBandDMSOrep1-0125X-2mM_S51_L999_R1_001.out.gz.CP009273.insert_site_plot.gz,/mnt/yasirvol/ANTIBIOTIC_STRESS_EXPERIMENT/ANALYSIS_BY_YASIRandKEITH/ControlLB_DMSO/controlLBandDMSOrep2-0125X-2mM_S36_L999_R1_001.out.gz.CP009273.insert_site_plot.gz
ControlLB_DMSO,control,control,control,1X,2,/mnt/yasirvol/ANTIBIOTIC_STRESS_EXPERIMENT/ANALYSIS_BY_YASIRandKEITH/ControlLB_DMSO/controlLBandDMSOrep1-1X-2mM_S53_L999_R1_001.out.gz.CP009273.insert_site_plot.gz,/mnt/yasirvol/ANTIBIOTIC_STRESS_EXPERIMENT/ANALYSIS_BY_YASIRandKEITH/ControlLB_DMSO/controlLBandDMSOrep2-1X-2mM_S47_L999_R1_001.out.gz.CP009273.insert_site_plot.gz
ControlLB_DMSO,control,control,control,0125X,2,/mnt/yasirvol/ANTIBIOTIC_STRESS_EXPERIMENT/ANALYSIS_BY_YASIRandKEITH/ControlLB_DMSO/MEVgc3X06m/controlLBandDMSOrep1-0125X-2mM_S51_L999_R1_001.out.CP009273.insert_site_plot.gz,/mnt/yasirvol/ANTIBIOTIC_STRESS_EXPERIMENT/ANALYSIS_BY_YASIRandKEITH/ControlLB_DMSO/MEVgc3X06m/controlLBandDMSOrep2-0125X-2mM_S36_L999_R1_001.out.CP009273.insert_site_plot.gz
ControlLB_DMSO,control,control,control,1X,2,/mnt/yasirvol/ANTIBIOTIC_STRESS_EXPERIMENT/ANALYSIS_BY_YASIRandKEITH/ControlLB_DMSO/MEVgc3X06m/controlLBandDMSOrep1-1X-2mM_S53_L999_R1_001.out.CP009273.insert_site_plot.gz,/mnt/yasirvol/ANTIBIOTIC_STRESS_EXPERIMENT/ANALYSIS_BY_YASIRandKEITH/ControlLB_DMSO/MEVgc3X06m/controlLBandDMSOrep2-1X-2mM_S47_L999_R1_001.out.CP009273.insert_site_plot.gz
ControlLB_pH7.5,control,control,control,0125X,0,/mnt/yasirvol/ANTIBIOTIC_STRESS_EXPERIMENT/ANALYSIS_BY_YASIRandKEITH/ControlLB_pH7.5/controlLB7-5pHrep1-0125X_S44_L999_R1_001.out.gz.CP009273.insert_site_plot.gz,/mnt/yasirvol/ANTIBIOTIC_STRESS_EXPERIMENT/ANALYSIS_BY_YASIRandKEITH/ControlLB_pH7.5/controlLB7-5pHrep2-0125X_S38_L999_R1_001.out.gz.CP009273.insert_site_plot.gz
ControlLB_pH7.5,control,control,control,1X,0,/mnt/yasirvol/ANTIBIOTIC_STRESS_EXPERIMENT/ANALYSIS_BY_YASIRandKEITH/ControlLB_pH7.5/controlLB7-5pHrep1-1X_S45_L999_R1_001.out.gz.CP009273.insert_site_plot.gz,/mnt/yasirvol/ANTIBIOTIC_STRESS_EXPERIMENT/ANALYSIS_BY_YASIRandKEITH/ControlLB_pH7.5/controlLB7-5pHrep2-1X_S58_L999_R1_001.out.gz.CP009273.insert_site_plot.gz
ControlLB_pH7.5,control,control,control,0125X,1,/mnt/yasirvol/ANTIBIOTIC_STRESS_EXPERIMENT/ANALYSIS_BY_YASIRandKEITH/ControlLB_pH7.5/controlLB7-5pHrep1-0125X-1mM_S48_L999_R1_001.out.gz.CP009273.insert_site_plot.gz,/mnt/yasirvol/ANTIBIOTIC_STRESS_EXPERIMENT/ANALYSIS_BY_YASIRandKEITH/ControlLB_pH7.5/controlLB7-5pHrep2-0125X-1mM_S40_L999_R1_001.out.gz.CP009273.insert_site_plot.gz
ControlLB_pH7.5,control,control,control,1X,1,/mnt/yasirvol/ANTIBIOTIC_STRESS_EXPERIMENT/ANALYSIS_BY_YASIRandKEITH/ControlLB_pH7.5/controlLB7-5pHrep1-1X-1mM_S52_L999_R1_001.out.gz.CP009273.insert_site_plot.gz,/mnt/yasirvol/ANTIBIOTIC_STRESS_EXPERIMENT/ANALYSIS_BY_YASIRandKEITH/ControlLB_pH7.5/controlLB7-5pHrep2-1X-1mM_S46_L999_R1_001.out.gz.CP009273.insert_site_plot.gz
ControlLB_pH7.5,control,control,control,0125X,2,/mnt/yasirvol/ANTIBIOTIC_STRESS_EXPERIMENT/ANALYSIS_BY_YASIRandKEITH/ControlLB_pH7.5/controlLB7-5pHrep1-0125X-2mM_S55_L999_R1_001.out.gz.CP009273.insert_site_plot.gz,/mnt/yasirvol/ANTIBIOTIC_STRESS_EXPERIMENT/ANALYSIS_BY_YASIRandKEITH/ControlLB_pH7.5/controlLB7-5pHrep2-0125X-2mM_S41_L999_R1_001.out.gz.CP009273.insert_site_plot.gz
ControlLB_pH7.5,control,control,control,1X,2,/mnt/yasirvol/ANTIBIOTIC_STRESS_EXPERIMENT/ANALYSIS_BY_YASIRandKEITH/ControlLB_pH7.5/controlLB7-5pHrep1-1X-2mM_S49_L999_R1_001.out.gz.CP009273.insert_site_plot.gz,/mnt/yasirvol/ANTIBIOTIC_STRESS_EXPERIMENT/ANALYSIS_BY_YASIRandKEITH/ControlLB_pH7.5/controlLB7-5pHrep2-1X-2mM_S57_L999_R1_001.out.gz.CP009273.insert_site_plot.gz
ControlLBEtOH,control,control,control,0125X,0,/mnt/yasirvol/ANTIBIOTIC_STRESS_EXPERIMENT/ANALYSIS_BY_YASIRandKEITH/ControlLBEtOH/controlLBandEtOHrep1-0125X_S46_L999_R1_001.out.gz.CP009273.insert_site_plot.gz,/mnt/yasirvol/ANTIBIOTIC_STRESS_EXPERIMENT/ANALYSIS_BY_YASIRandKEITH/ControlLBEtOH/controlLBandEtOHrep2-0125X_S36_L999_R1_001.out.gz.CP009273.insert_site_plot.gz
ControlLBEtOH,control,control,control,1X,0,/mnt/yasirvol/ANTIBIOTIC_STRESS_EXPERIMENT/ANALYSIS_BY_YASIRandKEITH/ControlLBEtOH/controlLBandEtOHrep1-1X_S56_L999_R1_001.out.gz.CP009273.insert_site_plot.gz,/mnt/yasirvol/ANTIBIOTIC_STRESS_EXPERIMENT/ANALYSIS_BY_YASIRandKEITH/ControlLBEtOH/controlLBandEtOHrep2-1X_S42_L999_R1_001.out.gz.CP009273.insert_site_plot.gz
ControlLBEtOH,control,control,control,0125X,0,/mnt/yasirvol/ANTIBIOTIC_STRESS_EXPERIMENT/ANALYSIS_BY_YASIRandKEITH/ControlLBEtOH/control-RPTLBandEtOHrep1-0125X_S37_L999_R1_001.out.gz.CP009273.insert_site_plot.gz,/mnt/yasirvol/ANTIBIOTIC_STRESS_EXPERIMENT/ANALYSIS_BY_YASIRandKEITH/ControlLBEtOH/control-RPTLBandEtOHrep2-0125X_S57_L999_R1_001.out.gz.CP009273.insert_site_plot.gz
ControlLBEtOH,control,control,control,1X,0,/mnt/yasirvol/ANTIBIOTIC_STRESS_EXPERIMENT/ANALYSIS_BY_YASIRandKEITH/ControlLBEtOH/control-RPTLBandEtOHrep1-1X_S42_L999_R1_001.out.gz.CP009273.insert_site_plot.gz,/mnt/yasirvol/ANTIBIOTIC_STRESS_EXPERIMENT/ANALYSIS_BY_YASIRandKEITH/ControlLBEtOH/control-RPTLBandEtOHrep2-1X_S40_L999_R1_001.out.gz.CP009273.insert_site_plot.gz
ControlLBEtOH,control,control,control,0125X,1,/mnt/yasirvol/ANTIBIOTIC_STRESS_EXPERIMENT/ANALYSIS_BY_YASIRandKEITH/ControlLBEtOH/controlLBandEtOHrep1-0125X-1mM_S45_L999_R1_001.out.gz.CP009273.insert_site_plot.gz,/mnt/yasirvol/ANTIBIOTIC_STRESS_EXPERIMENT/ANALYSIS_BY_YASIRandKEITH/ControlLBEtOH/controlLBandEtOHrep2-0125X-1mM_S38_L999_R1_001.out.gz.CP009273.insert_site_plot.gz
ControlLBEtOH,control,control,control,1X,1,/mnt/yasirvol/ANTIBIOTIC_STRESS_EXPERIMENT/ANALYSIS_BY_YASIRandKEITH/ControlLBEtOH/controlLBandEtOHrep1-1X-1mM_S53_L999_R1_001.out.gz.CP009273.insert_site_plot.gz,/mnt/yasirvol/ANTIBIOTIC_STRESS_EXPERIMENT/ANALYSIS_BY_YASIRandKEITH/ControlLBEtOH/controlLBandEtOHrep2-1X-1mM_S58_L999_R1_001.out.gz.CP009273.insert_site_plot.gz
ControlLBEtOH,control,control,control,0125X,1,/mnt/yasirvol/ANTIBIOTIC_STRESS_EXPERIMENT/ANALYSIS_BY_YASIRandKEITH/ControlLBEtOH/control-RPTLBandEtOHrep1-0125X-1mM_S43_L999_R1_001.out.gz.CP009273.insert_site_plot.gz,/mnt/yasirvol/ANTIBIOTIC_STRESS_EXPERIMENT/ANALYSIS_BY_YASIRandKEITH/ControlLBEtOH/control-RPTLBandEtOHrep2-0125X-1mM_S55_L999_R1_001.out.gz.CP009273.insert_site_plot.gz
ControlLBEtOH,control,control,control,1X,1,/mnt/yasirvol/ANTIBIOTIC_STRESS_EXPERIMENT/ANALYSIS_BY_YASIRandKEITH/ControlLBEtOH/control-RPTLBandEtOHrep1-1X-1mM_S41_L999_R1_001.out.gz.CP009273.insert_site_plot.gz,/mnt/yasirvol/ANTIBIOTIC_STRESS_EXPERIMENT/ANALYSIS_BY_YASIRandKEITH/ControlLBEtOH/control-RPTLBandEtOHrep2-1X-1mM_S50_L999_R1_001.out.gz.CP009273.insert_site_plot.gz
ControlLBEtOH,control,control,control,0125X,2,/mnt/yasirvol/ANTIBIOTIC_STRESS_EXPERIMENT/ANALYSIS_BY_YASIRandKEITH/ControlLBEtOH/controlLBandEtOHrep1-0125X-2mM_S50_L999_R1_001.out.gz.CP009273.insert_site_plot.gz,/mnt/yasirvol/ANTIBIOTIC_STRESS_EXPERIMENT/ANALYSIS_BY_YASIRandKEITH/ControlLBEtOH/controlLBandEtOHrep2-0125X-2mM_S41_L999_R1_001.out.gz.CP009273.insert_site_plot.gz
ControlLBEtOH,control,control,control,1X,2,/mnt/yasirvol/ANTIBIOTIC_STRESS_EXPERIMENT/ANALYSIS_BY_YASIRandKEITH/ControlLBEtOH/controlLBandEtOHrep1-1X-2mM_S55_L999_R1_001.out.gz.CP009273.insert_site_plot.gz,/mnt/yasirvol/ANTIBIOTIC_STRESS_EXPERIMENT/ANALYSIS_BY_YASIRandKEITH/ControlLBEtOH/controlLBandEtOHrep2-1X-2mM_S43_L999_R1_001.out.gz.CP009273.insert_site_plot.gz
ControlLBEtOH,control,control,control,0125X,2,/mnt/yasirvol/ANTIBIOTIC_STRESS_EXPERIMENT/ANALYSIS_BY_YASIRandKEITH/ControlLBEtOH/control-RPTLBandEtOHrep1-0125X-2mM_S44_L999_R1_001.out.gz.CP009273.insert_site_plot.gz,/mnt/yasirvol/ANTIBIOTIC_STRESS_EXPERIMENT/ANALYSIS_BY_YASIRandKEITH/ControlLBEtOH/control-RPTLBandEtOHrep2-0125X-2mM_S56_L999_R1_001.out.gz.CP009273.insert_site_plot.gz
ControlLBEtOH,control,control,control,1X,2,/mnt/yasirvol/ANTIBIOTIC_STRESS_EXPERIMENT/ANALYSIS_BY_YASIRandKEITH/ControlLBEtOH/control-RPTLBandEtOHrep1-1X-2mM_S47_L999_R1_001.out.gz.CP009273.insert_site_plot.gz,/mnt/yasirvol/ANTIBIOTIC_STRESS_EXPERIMENT/ANALYSIS_BY_YASIRandKEITH/ControlLBEtOH/control-RPTLBandEtOHrep2-1X-2mM_S39_L999_R1_001.out.gz.CP009273.insert_site_plot.gz
Coumermycin,DNA supercoiling,DNA gyrase B,Cidal,0.25,0,/mnt/yasirvol/ANTIBIOTIC_STRESS_EXPERIMENT/ANALYSIS_BY_YASIRandKEITH/Coumermycin/COUrep1/COUrep1-25MIC_S32_L999_R1_001.out.gz.CP009273.insert_site_plot.gz,/mnt/yasirvol/ANTIBIOTIC_STRESS_EXPERIMENT/ANALYSIS_BY_YASIRandKEITH/Coumermycin/COUrep2/COUrep2-25MIC_S36_L999_R1_001.out.gz.CP009273.insert_site_plot.gz
Coumermycin,DNA supercoiling,DNA gyrase B,Cidal,2,0,/mnt/yasirvol/ANTIBIOTIC_STRESS_EXPERIMENT/ANALYSIS_BY_YASIRandKEITH/Coumermycin/COUrep1/COUrep1-2MIC_S43_L999_R1_001.out.gz.CP009273.insert_site_plot.gz,/mnt/yasirvol/ANTIBIOTIC_STRESS_EXPERIMENT/ANALYSIS_BY_YASIRandKEITH/Coumermycin/COUrep2/COUrep2-2MIC_S53_L999_R1_001.out.gz.CP009273.insert_site_plot.gz
Coumermycin,DNA supercoiling,DNA gyrase B,Cidal,0.5,0,/mnt/yasirvol/ANTIBIOTIC_STRESS_EXPERIMENT/ANALYSIS_BY_YASIRandKEITH/Coumermycin/COUrep1/COUrep1-5MIC_S48_L999_R1_001.out.gz.CP009273.insert_site_plot.gz,/mnt/yasirvol/ANTIBIOTIC_STRESS_EXPERIMENT/ANALYSIS_BY_YASIRandKEITH/Coumermycin/COUrep2/COUrep2-5MIC_S41_L999_R1_001.out.gz.CP009273.insert_site_plot.gz
Coumermycin,DNA supercoiling,DNA gyrase B,Cidal,1,0,/mnt/yasirvol/ANTIBIOTIC_STRESS_EXPERIMENT/ANALYSIS_BY_YASIRandKEITH/Coumermycin/COUrep1/COUrep1-MIC_S42_L999_R1_001.out.gz.CP009273.insert_site_plot.gz,/mnt/yasirvol/ANTIBIOTIC_STRESS_EXPERIMENT/ANALYSIS_BY_YASIRandKEITH/Coumermycin/COUrep2/COUrep2-MIC_S44_L999_R1_001.out.gz.CP009273.insert_site_plot.gz
Coumermycin,DNA supercoiling,DNA gyrase B,Cidal,0.25,1,/mnt/yasirvol/ANTIBIOTIC_STRESS_EXPERIMENT/ANALYSIS_BY_YASIRandKEITH/Coumermycin/COUrep1/COUrep1-25MIC1mM_S30_L999_R1_001.out.gz.CP009273.insert_site_plot.gz,/mnt/yasirvol/ANTIBIOTIC_STRESS_EXPERIMENT/ANALYSIS_BY_YASIRandKEITH/Coumermycin/COUrep2/COUrep2-25MIC1mM_S38_L999_R1_001.out.gz.CP009273.insert_site_plot.gz
Coumermycin,DNA supercoiling,DNA gyrase B,Cidal,2,1,/mnt/yasirvol/ANTIBIOTIC_STRESS_EXPERIMENT/ANALYSIS_BY_YASIRandKEITH/Coumermycin/COUrep1/COUrep1-2MIC1mM_S46_L999_R1_001.out.gz.CP009273.insert_site_plot.gz,/mnt/yasirvol/ANTIBIOTIC_STRESS_EXPERIMENT/ANALYSIS_BY_YASIRandKEITH/Coumermycin/COUrep2/COUrep2-2MIC1mM_S48_L999_R1_001.out.gz.CP009273.insert_site_plot.gz
Coumermycin,DNA supercoiling,DNA gyrase B,Cidal,0.5,1,/mnt/yasirvol/ANTIBIOTIC_STRESS_EXPERIMENT/ANALYSIS_BY_YASIRandKEITH/Coumermycin/COUrep1/COUrep1-5MIC1mM_S37_L999_R1_001.out.gz.CP009273.insert_site_plot.gz,/mnt/yasirvol/ANTIBIOTIC_STRESS_EXPERIMENT/ANALYSIS_BY_YASIRandKEITH/Coumermycin/COUrep2/COUrep2-5MIC1mM_S33_L999_R1_001.out.gz.CP009273.insert_site_plot.gz
Coumermycin,DNA supercoiling,DNA gyrase B,Cidal,1,1,/mnt/yasirvol/ANTIBIOTIC_STRESS_EXPERIMENT/ANALYSIS_BY_YASIRandKEITH/Coumermycin/COUrep1/COUrep1-MIC1mM_S36_L999_R1_001.out.gz.CP009273.insert_site_plot.gz,/mnt/yasirvol/ANTIBIOTIC_STRESS_EXPERIMENT/ANALYSIS_BY_YASIRandKEITH/Coumermycin/COUrep2/COUrep2-MIC1mM_S52_L999_R1_001.out.gz.CP009273.insert_site_plot.gz
Coumermycin,DNA supercoiling,DNA gyrase B,Cidal,0.25,2,/mnt/yasirvol/ANTIBIOTIC_STRESS_EXPERIMENT/ANALYSIS_BY_YASIRandKEITH/Coumermycin/COUrep1/COUrep1-25MIC-2mM_S33_L999_R1_001.out.gz.CP009273.insert_site_plot.gz,/mnt/yasirvol/ANTIBIOTIC_STRESS_EXPERIMENT/ANALYSIS_BY_YASIRandKEITH/Coumermycin/COUrep2/COUrep2-25MIC-2mM_S35_L999_R1_001.out.gz.CP009273.insert_site_plot.gz
Coumermycin,DNA supercoiling,DNA gyrase B,Cidal,2,2,/mnt/yasirvol/ANTIBIOTIC_STRESS_EXPERIMENT/ANALYSIS_BY_YASIRandKEITH/Coumermycin/COUrep1/COUrep1-2MIC-2mM_S39_L999_R1_001.out.gz.CP009273.insert_site_plot.gz,/mnt/yasirvol/ANTIBIOTIC_STRESS_EXPERIMENT/ANALYSIS_BY_YASIRandKEITH/Coumermycin/COUrep2/COUrep2-2MIC-2mM_S47_L999_R1_001.out.gz.CP009273.insert_site_plot.gz
Coumermycin,DNA supercoiling,DNA gyrase B,Cidal,0.5,2,/mnt/yasirvol/ANTIBIOTIC_STRESS_EXPERIMENT/ANALYSIS_BY_YASIRandKEITH/Coumermycin/COUrep1/COUrep1-5MIC-2mM_S53_L999_R1_001.out.gz.CP009273.insert_site_plot.gz,/mnt/yasirvol/ANTIBIOTIC_STRESS_EXPERIMENT/ANALYSIS_BY_YASIRandKEITH/Coumermycin/COUrep2/COUrep2-5MIC-2mM_S34_L999_R1_001.out.gz.CP009273.insert_site_plot.gz
Coumermycin,DNA supercoiling,DNA gyrase B,Cidal,1,2,/mnt/yasirvol/ANTIBIOTIC_STRESS_EXPERIMENT/ANALYSIS_BY_YASIRandKEITH/Coumermycin/COUrep1/COUrep1-MIC-2mM_S41_L999_R1_001.out.gz.CP009273.insert_site_plot.gz,/mnt/yasirvol/ANTIBIOTIC_STRESS_EXPERIMENT/ANALYSIS_BY_YASIRandKEITH/Coumermycin/COUrep2/COUrep2-MIC-2mM_S46_L999_R1_001.out.gz.CP009273.insert_site_plot.gz
Coumermycin,DNA supercoiling,DNA gyrase B,Cidal,0.25,pool,/mnt/yasirvol/ANTIBIOTIC_STRESS_EXPERIMENT/ANALYSIS_BY_YASIRandKEITH/combined_plots/Coumermycin-COUrep1/combined/25MIC.insert_site_plot.gz,/mnt/yasirvol/ANTIBIOTIC_STRESS_EXPERIMENT/ANALYSIS_BY_YASIRandKEITH/combined_plots/Coumermycin-COUrep2/combined/25MIC.insert_site_plot.gz
Coumermycin,DNA supercoiling,DNA gyrase B,Cidal,0.5,pool,/mnt/yasirvol/ANTIBIOTIC_STRESS_EXPERIMENT/ANALYSIS_BY_YASIRandKEITH/combined_plots/Coumermycin-COUrep1/combined/5MIC.insert_site_plot.gz,/mnt/yasirvol/ANTIBIOTIC_STRESS_EXPERIMENT/ANALYSIS_BY_YASIRandKEITH/combined_plots/Coumermycin-COUrep2/combined/5MIC.insert_site_plot.gz
Coumermycin,DNA supercoiling,DNA gyrase B,Cidal,1,pool,/mnt/yasirvol/ANTIBIOTIC_STRESS_EXPERIMENT/ANALYSIS_BY_YASIRandKEITH/combined_plots/Coumermycin-COUrep1/combined/MIC.insert_site_plot.gz,/mnt/yasirvol/ANTIBIOTIC_STRESS_EXPERIMENT/ANALYSIS_BY_YASIRandKEITH/combined_plots/Coumermycin-COUrep2/combined/MIC.insert_site_plot.gz
Coumermycin,DNA supercoiling,DNA gyrase B,Cidal,2,pool,/mnt/yasirvol/ANTIBIOTIC_STRESS_EXPERIMENT/ANALYSIS_BY_YASIRandKEITH/combined_plots/Coumermycin-COUrep1/combined/2MIC.insert_site_plot.gz,/mnt/yasirvol/ANTIBIOTIC_STRESS_EXPERIMENT/ANALYSIS_BY_YASIRandKEITH/combined_plots/Coumermycin-COUrep2/combined/2MIC.insert_site_plot.gz
Fosfomycin,Cell wall,MurA,Cidal,0.25,0,/mnt/yasirvol/ANTIBIOTIC_STRESS_EXPERIMENT/ANALYSIS_BY_YASIRandKEITH/Fosfomycin/FOSFOrep1/FOSFOrep1-25MIC_S42_L999_R1_001.out.gz.CP009273.insert_site_plot.gz,/mnt/yasirvol/ANTIBIOTIC_STRESS_EXPERIMENT/ANALYSIS_BY_YASIRandKEITH/Fosfomycin/FOSFOrep2/FOSFOrep2-25MIC_S39_L999_R1_001.out.gz.CP009273.insert_site_plot.gz
Fosfomycin,Cell wall,MurA,Cidal,2,0,/mnt/yasirvol/ANTIBIOTIC_STRESS_EXPERIMENT/ANALYSIS_BY_YASIRandKEITH/Fosfomycin/FOSFOrep1/FOSFOrep1-2MIC_S38_L999_R1_001.out.gz.CP009273.insert_site_plot.gz,/mnt/yasirvol/ANTIBIOTIC_STRESS_EXPERIMENT/ANALYSIS_BY_YASIRandKEITH/Fosfomycin/FOSFOrep2/FOSFOrep2-2MIC_S48_L999_R1_001.out.gz.CP009273.insert_site_plot.gz
Fosfomycin,Cell wall,MurA,Cidal,0.5,0,/mnt/yasirvol/ANTIBIOTIC_STRESS_EXPERIMENT/ANALYSIS_BY_YASIRandKEITH/Fosfomycin/FOSFOrep1/FOSFOrep1-5MIC_S25_L999_R1_001.out.gz.CP009273.insert_site_plot.gz,/mnt/yasirvol/ANTIBIOTIC_STRESS_EXPERIMENT/ANALYSIS_BY_YASIRandKEITH/Fosfomycin/FOSFOrep2/FOSFOrep2-5MIC_S36_L999_R1_001.out.gz.CP009273.insert_site_plot.gz
Fosfomycin,Cell wall,MurA,Cidal,1,0,/mnt/yasirvol/ANTIBIOTIC_STRESS_EXPERIMENT/ANALYSIS_BY_YASIRandKEITH/Fosfomycin/FOSFOrep1/FOSFOrep1-MIC_S33_L999_R1_001.out.gz.CP009273.insert_site_plot.gz,/mnt/yasirvol/ANTIBIOTIC_STRESS_EXPERIMENT/ANALYSIS_BY_YASIRandKEITH/Fosfomycin/FOSFOrep2/FOSFOrep2-MIC_S44_L999_R1_001.out.gz.CP009273.insert_site_plot.gz
Fosfomycin,Cell wall,MurA,Cidal,0.25,1,/mnt/yasirvol/ANTIBIOTIC_STRESS_EXPERIMENT/ANALYSIS_BY_YASIRandKEITH/Fosfomycin/FOSFOrep1/FOSFOrep1-25MIC1mM_S41_L999_R1_001.out.gz.CP009273.insert_site_plot.gz,/mnt/yasirvol/ANTIBIOTIC_STRESS_EXPERIMENT/ANALYSIS_BY_YASIRandKEITH/Fosfomycin/FOSFOrep2/FOSFOrep2-25MIC1mM_S37_L999_R1_001.out.gz.CP009273.insert_site_plot.gz
Fosfomycin,Cell wall,MurA,Cidal,2,1,/mnt/yasirvol/ANTIBIOTIC_STRESS_EXPERIMENT/ANALYSIS_BY_YASIRandKEITH/Fosfomycin/FOSFOrep1/FOSFOrep1-2MIC1mM_S32_L999_R1_001.out.gz.CP009273.insert_site_plot.gz,/mnt/yasirvol/ANTIBIOTIC_STRESS_EXPERIMENT/ANALYSIS_BY_YASIRandKEITH/Fosfomycin/FOSFOrep2/FOSFOrep2-2MIC1mM_S52_L999_R1_001.out.gz.CP009273.insert_site_plot.gz
Fosfomycin,Cell wall,MurA,Cidal,0.5,1,/mnt/yasirvol/ANTIBIOTIC_STRESS_EXPERIMENT/ANALYSIS_BY_YASIRandKEITH/Fosfomycin/FOSFOrep1/FOSFOrep1-5MIC1mM_S24_L999_R1_001.out.gz.CP009273.insert_site_plot.gz,/mnt/yasirvol/ANTIBIOTIC_STRESS_EXPERIMENT/ANALYSIS_BY_YASIRandKEITH/Fosfomycin/FOSFOrep2/FOSFOrep2-5MIC1mM_S41_L999_R1_001.out.gz.CP009273.insert_site_plot.gz
Fosfomycin,Cell wall,MurA,Cidal,1,1,/mnt/yasirvol/ANTIBIOTIC_STRESS_EXPERIMENT/ANALYSIS_BY_YASIRandKEITH/Fosfomycin/FOSFOrep1/FOSFOrep1-MIC1mM_S39_L999_R1_001.out.gz.CP009273.insert_site_plot.gz,/mnt/yasirvol/ANTIBIOTIC_STRESS_EXPERIMENT/ANALYSIS_BY_YASIRandKEITH/Fosfomycin/FOSFOrep2/FOSFOrep2-MIC1mM_S42_L999_R1_001.out.gz.CP009273.insert_site_plot.gz
Fosfomycin,Cell wall,MurA,Cidal,0.25,2,/mnt/yasirvol/ANTIBIOTIC_STRESS_EXPERIMENT/ANALYSIS_BY_YASIRandKEITH/Fosfomycin/FOSFOrep1/FOSFOrep1-25MIC-2mM_S40_L999_R1_001.out.gz.CP009273.insert_site_plot.gz,/mnt/yasirvol/ANTIBIOTIC_STRESS_EXPERIMENT/ANALYSIS_BY_YASIRandKEITH/Fosfomycin/FOSFOrep2/FOSFOrep2-25MIC-2mM_S38_L999_R1_001.out.gz.CP009273.insert_site_plot.gz
Fosfomycin,Cell wall,MurA,Cidal,2,2,/mnt/yasirvol/ANTIBIOTIC_STRESS_EXPERIMENT/ANALYSIS_BY_YASIRandKEITH/Fosfomycin/FOSFOrep1/FOSFOrep1-2MIC-2mM_S34_L999_R1_001.out.gz.CP009273.insert_site_plot.gz,/mnt/yasirvol/ANTIBIOTIC_STRESS_EXPERIMENT/ANALYSIS_BY_YASIRandKEITH/Fosfomycin/FOSFOrep2/FOSFOrep2-2MIC-2mM_S47_L999_R1_001.out.gz.CP009273.insert_site_plot.gz
Fosfomycin,Cell wall,MurA,Cidal,0.5,2,/mnt/yasirvol/ANTIBIOTIC_STRESS_EXPERIMENT/ANALYSIS_BY_YASIRandKEITH/Fosfomycin/FOSFOrep1/FOSFOrep1-5MIC-2mM_S23_L999_R1_001.out.gz.CP009273.insert_site_plot.gz,/mnt/yasirvol/ANTIBIOTIC_STRESS_EXPERIMENT/ANALYSIS_BY_YASIRandKEITH/Fosfomycin/FOSFOrep2/FOSFOrep2-5MIC-2mM_S32_L999_R1_001.out.gz.CP009273.insert_site_plot.gz
Fosfomycin,Cell wall,MurA,Cidal,1,2,/mnt/yasirvol/ANTIBIOTIC_STRESS_EXPERIMENT/ANALYSIS_BY_YASIRandKEITH/Fosfomycin/FOSFOrep1/FOSFOrep1-MIC-2mM_S31_L999_R1_001.out.gz.CP009273.insert_site_plot.gz,/mnt/yasirvol/ANTIBIOTIC_STRESS_EXPERIMENT/ANALYSIS_BY_YASIRandKEITH/Fosfomycin/FOSFOrep2/FOSFOrep2-MIC-2mM_S50_L999_R1_001.out.gz.CP009273.insert_site_plot.gz
Fosfomycin,Cell wall,MurA,Cidal,0.25,pool,/mnt/yasirvol/ANTIBIOTIC_STRESS_EXPERIMENT/ANALYSIS_BY_YASIRandKEITH/combined_plots/Fosfomycin-FOSFOrep1/combined/25MIC.insert_site_plot.gz,/mnt/yasirvol/ANTIBIOTIC_STRESS_EXPERIMENT/ANALYSIS_BY_YASIRandKEITH/combined_plots/Fosfomycin-FOSFOrep2/combined/25MIC.insert_site_plot.gz
Fosfomycin,Cell wall,MurA,Cidal,0.5,pool,/mnt/yasirvol/ANTIBIOTIC_STRESS_EXPERIMENT/ANALYSIS_BY_YASIRandKEITH/combined_plots/Fosfomycin-FOSFOrep1/combined/5MIC.insert_site_plot.gz,/mnt/yasirvol/ANTIBIOTIC_STRESS_EXPERIMENT/ANALYSIS_BY_YASIRandKEITH/combined_plots/Fosfomycin-FOSFOrep2/combined/5MIC.insert_site_plot.gz
Fosfomycin,Cell wall,MurA,Cidal,1,pool,/mnt/yasirvol/ANTIBIOTIC_STRESS_EXPERIMENT/ANALYSIS_BY_YASIRandKEITH/combined_plots/Fosfomycin-FOSFOrep1/combined/MIC.insert_site_plot.gz,/mnt/yasirvol/ANTIBIOTIC_STRESS_EXPERIMENT/ANALYSIS_BY_YASIRandKEITH/combined_plots/Fosfomycin-FOSFOrep2/combined/MIC.insert_site_plot.gz
Fosfomycin,Cell wall,MurA,Cidal,2,pool,/mnt/yasirvol/ANTIBIOTIC_STRESS_EXPERIMENT/ANALYSIS_BY_YASIRandKEITH/combined_plots/Fosfomycin-FOSFOrep1/combined/2MIC.insert_site_plot.gz,/mnt/yasirvol/ANTIBIOTIC_STRESS_EXPERIMENT/ANALYSIS_BY_YASIRandKEITH/combined_plots/Fosfomycin-FOSFOrep2/combined/2MIC.insert_site_plot.gz
Gentamicin,Ribosome,30S subunit,Cidal,0.25,pool,/mnt/yasirvol/ANTIBIOTIC_STRESS_EXPERIMENT/ANALYSIS_BY_YASIRandKEITH/combined_plots/Gentamicin-GENTArep1/combined/25MIC.insert_site_plot.gz,/mnt/yasirvol/ANTIBIOTIC_STRESS_EXPERIMENT/ANALYSIS_BY_YASIRandKEITH/combined_plots/Gentamicin-GENTArep2/combined/25MIC.insert_site_plot.gz
Gentamicin,Ribosome,30S subunit,Cidal,0.5,pool,/mnt/yasirvol/ANTIBIOTIC_STRESS_EXPERIMENT/ANALYSIS_BY_YASIRandKEITH/combined_plots/Gentamicin-GENTArep1/combined/5MIC.insert_site_plot.gz,/mnt/yasirvol/ANTIBIOTIC_STRESS_EXPERIMENT/ANALYSIS_BY_YASIRandKEITH/combined_plots/Gentamicin-GENTArep2/combined/5MIC.insert_site_plot.gz
Gentamicin,Ribosome,30S subunit,Cidal,1,pool,/mnt/yasirvol/ANTIBIOTIC_STRESS_EXPERIMENT/ANALYSIS_BY_YASIRandKEITH/combined_plots/Gentamicin-GENTArep1/combined/MIC.insert_site_plot.gz,/mnt/yasirvol/ANTIBIOTIC_STRESS_EXPERIMENT/ANALYSIS_BY_YASIRandKEITH/combined_plots/Gentamicin-GENTArep2/combined/MIC.insert_site_plot.gz
Gentamicin,Ribosome,30S subunit,Cidal,2,pool,/mnt/yasirvol/ANTIBIOTIC_STRESS_EXPERIMENT/ANALYSIS_BY_YASIRandKEITH/combined_plots/Gentamicin-GENTArep1/combined/2MIC.insert_site_plot.gz,/mnt/yasirvol/ANTIBIOTIC_STRESS_EXPERIMENT/ANALYSIS_BY_YASIRandKEITH/combined_plots/Gentamicin-GENTArep2/combined/2MIC.insert_site_plot.gz
Gentamicin,Ribosome,30S subunit,Cidal,0.25,0,/mnt/yasirvol/ANTIBIOTIC_STRESS_EXPERIMENT/ANALYSIS_BY_YASIRandKEITH/Gentamicin/GENTArep1/GENTArep1-25MIC_S58_L999_R1_001.out.gz.CP009273.insert_site_plot.gz,/mnt/yasirvol/ANTIBIOTIC_STRESS_EXPERIMENT/ANALYSIS_BY_YASIRandKEITH/Gentamicin/GENTArep2/GENTArep2-25MIC_S55_L999_R1_001.out.gz.CP009273.insert_site_plot.gz
Gentamicin,Ribosome,30S subunit,Cidal,2,0,/mnt/yasirvol/ANTIBIOTIC_STRESS_EXPERIMENT/ANALYSIS_BY_YASIRandKEITH/Gentamicin/GENTArep1/GENTArep1-2MIC_S38_L999_R1_001.out.gz.CP009273.insert_site_plot.gz,/mnt/yasirvol/ANTIBIOTIC_STRESS_EXPERIMENT/ANALYSIS_BY_YASIRandKEITH/Gentamicin/GENTArep2/GENTArep2-2MIC_S37_L999_R1_001.out.gz.CP009273.insert_site_plot.gz
Gentamicin,Ribosome,30S subunit,Cidal,0.5,0,/mnt/yasirvol/ANTIBIOTIC_STRESS_EXPERIMENT/ANALYSIS_BY_YASIRandKEITH/Gentamicin/GENTArep1/GENTArep1-5MIC_S46_L999_R1_001.out.gz.CP009273.insert_site_plot.gz,/mnt/yasirvol/ANTIBIOTIC_STRESS_EXPERIMENT/ANALYSIS_BY_YASIRandKEITH/Gentamicin/GENTArep2/GENTArep2-5MIC_S57_L999_R1_001.out.gz.CP009273.insert_site_plot.gz
Gentamicin,Ribosome,30S subunit,Cidal,1,0,/mnt/yasirvol/ANTIBIOTIC_STRESS_EXPERIMENT/ANALYSIS_BY_YASIRandKEITH/Gentamicin/GENTArep1/GENTArep1-MIC_S49_L999_R1_001.out.gz.CP009273.insert_site_plot.gz,/mnt/yasirvol/ANTIBIOTIC_STRESS_EXPERIMENT/ANALYSIS_BY_YASIRandKEITH/Gentamicin/GENTArep2/GENTArep2-MIC_S46_L999_R1_001.out.gz.CP009273.insert_site_plot.gz
Gentamicin,Ribosome,30S subunit,Cidal,0.25,1,/mnt/yasirvol/ANTIBIOTIC_STRESS_EXPERIMENT/ANALYSIS_BY_YASIRandKEITH/Gentamicin/GENTArep1/GENTArep1-25MIC1mM_S57_L999_R1_001.out.gz.CP009273.insert_site_plot.gz,/mnt/yasirvol/ANTIBIOTIC_STRESS_EXPERIMENT/ANALYSIS_BY_YASIRandKEITH/Gentamicin/GENTArep2/GENTArep2-25MIC1mM_S51_L999_R1_001.out.gz.CP009273.insert_site_plot.gz
Gentamicin,Ribosome,30S subunit,Cidal,2,1,/mnt/yasirvol/ANTIBIOTIC_STRESS_EXPERIMENT/ANALYSIS_BY_YASIRandKEITH/Gentamicin/GENTArep1/GENTArep1-2MIC1mM_S45_L999_R1_001.out.gz.CP009273.insert_site_plot.gz,/mnt/yasirvol/ANTIBIOTIC_STRESS_EXPERIMENT/ANALYSIS_BY_YASIRandKEITH/Gentamicin/GENTArep2/GENTArep2-2MIC1mM_S36_L999_R1_001.out.gz.CP009273.insert_site_plot.gz
Gentamicin,Ribosome,30S subunit,Cidal,0.5,1,/mnt/yasirvol/ANTIBIOTIC_STRESS_EXPERIMENT/ANALYSIS_BY_YASIRandKEITH/Gentamicin/GENTArep1/GENTArep1-5MIC1mM_S36_L999_R1_001.out.gz.CP009273.insert_site_plot.gz,/mnt/yasirvol/ANTIBIOTIC_STRESS_EXPERIMENT/ANALYSIS_BY_YASIRandKEITH/Gentamicin/GENTArep2/GENTArep2-5MIC1mM_S58_L999_R1_001.out.gz.CP009273.insert_site_plot.gz
Gentamicin,Ribosome,30S subunit,Cidal,1,1,/mnt/yasirvol/ANTIBIOTIC_STRESS_EXPERIMENT/ANALYSIS_BY_YASIRandKEITH/Gentamicin/GENTArep1/GENTArep1-MIC1mM_S37_L999_R1_001.out.gz.CP009273.insert_site_plot.gz,/mnt/yasirvol/ANTIBIOTIC_STRESS_EXPERIMENT/ANALYSIS_BY_YASIRandKEITH/Gentamicin/GENTArep2/GENTArep2-MIC1mM_S38_L999_R1_001.out.gz.CP009273.insert_site_plot.gz
Gentamicin,Ribosome,30S subunit,Cidal,0.25,2,/mnt/yasirvol/ANTIBIOTIC_STRESS_EXPERIMENT/ANALYSIS_BY_YASIRandKEITH/Gentamicin/GENTArep1/GENTArep1-25MIC-2mM_S54_L999_R1_001.out.gz.CP009273.insert_site_plot.gz,/mnt/yasirvol/ANTIBIOTIC_STRESS_EXPERIMENT/ANALYSIS_BY_YASIRandKEITH/Gentamicin/GENTArep2/GENTArep2-25MIC-2mM_S56_L999_R1_001.out.gz.CP009273.insert_site_plot.gz
Gentamicin,Ribosome,30S subunit,Cidal,2,2,/mnt/yasirvol/ANTIBIOTIC_STRESS_EXPERIMENT/ANALYSIS_BY_YASIRandKEITH/Gentamicin/GENTArep1/GENTArep1-2MIC-2mM_S40_L999_R1_001.out.gz.CP009273.insert_site_plot.gz,/mnt/yasirvol/ANTIBIOTIC_STRESS_EXPERIMENT/ANALYSIS_BY_YASIRandKEITH/Gentamicin/GENTArep2/GENTArep2-2MIC-2mM_S43_L999_R1_001.out.gz.CP009273.insert_site_plot.gz
Gentamicin,Ribosome,30S subunit,Cidal,0.5,2,/mnt/yasirvol/ANTIBIOTIC_STRESS_EXPERIMENT/ANALYSIS_BY_YASIRandKEITH/Gentamicin/GENTArep1/GENTArep1-5MIC-2mM_S42_L999_R1_001.out.gz.CP009273.insert_site_plot.gz,/mnt/yasirvol/ANTIBIOTIC_STRESS_EXPERIMENT/ANALYSIS_BY_YASIRandKEITH/Gentamicin/GENTArep2/GENTArep2-5MIC-2mM_S53_L999_R1_001.out.gz.CP009273.insert_site_plot.gz
Gentamicin,Ribosome,30S subunit,Cidal,1,2,/mnt/yasirvol/ANTIBIOTIC_STRESS_EXPERIMENT/ANALYSIS_BY_YASIRandKEITH/Gentamicin/GENTArep1/GENTArep1-MIC-2mM_S48_L999_R1_001.out.gz.CP009273.insert_site_plot.gz,/mnt/yasirvol/ANTIBIOTIC_STRESS_EXPERIMENT/ANALYSIS_BY_YASIRandKEITH/Gentamicin/GENTArep2/GENTArep2-MIC-2mM_S39_L999_R1_001.out.gz.CP009273.insert_site_plot.gz
Meropenem,Cell wall,PBP,Cidal,0.25,0,/mnt/yasirvol/ANTIBIOTIC_STRESS_EXPERIMENT/ANALYSIS_BY_YASIRandKEITH/Meropenem/MEMrep1/MEMrep1-25MIC_S40_L999_R1_001.out.gz.CP009273.insert_site_plot.gz,/mnt/yasirvol/ANTIBIOTIC_STRESS_EXPERIMENT/ANALYSIS_BY_YASIRandKEITH/Meropenem/MEMrep2/MEMrep2-25MIC_S44_L999_R1_001.out.gz.CP009273.insert_site_plot.gz
Meropenem,Cell wall,PBP,Cidal,2,0,/mnt/yasirvol/ANTIBIOTIC_STRESS_EXPERIMENT/ANALYSIS_BY_YASIRandKEITH/Meropenem/MEMrep1/MEMrep1-2MIC_S55_L999_R1_001.out.gz.CP009273.insert_site_plot.gz,/mnt/yasirvol/ANTIBIOTIC_STRESS_EXPERIMENT/ANALYSIS_BY_YASIRandKEITH/Meropenem/MEMrep2/MEMrep2-2MIC_S59_L999_R1_001.out.gz.CP009273.insert_site_plot.gz
Meropenem,Cell wall,PBP,Cidal,0.5,0,/mnt/yasirvol/ANTIBIOTIC_STRESS_EXPERIMENT/ANALYSIS_BY_YASIRandKEITH/Meropenem/MEMrep1/MEMrep1-5MIC_S46_L999_R1_001.out.gz.CP009273.insert_site_plot.gz,/mnt/yasirvol/ANTIBIOTIC_STRESS_EXPERIMENT/ANALYSIS_BY_YASIRandKEITH/Meropenem/MEMrep2/MEMrep2-5MIC_S46_L999_R1_001.out.gz.CP009273.insert_site_plot.gz
Meropenem,Cell wall,PBP,Cidal,1,0,/mnt/yasirvol/ANTIBIOTIC_STRESS_EXPERIMENT/ANALYSIS_BY_YASIRandKEITH/Meropenem/MEMrep1/MEMrep1-MIC_S43_L999_R1_001.out.gz.CP009273.insert_site_plot.gz,/mnt/yasirvol/ANTIBIOTIC_STRESS_EXPERIMENT/ANALYSIS_BY_YASIRandKEITH/Meropenem/MEMrep2/MEMrep2-MIC_S51_L999_R1_001.out.gz.CP009273.insert_site_plot.gz
Meropenem,Cell wall,PBP,Cidal,0.25,1,/mnt/yasirvol/ANTIBIOTIC_STRESS_EXPERIMENT/ANALYSIS_BY_YASIRandKEITH/Meropenem/MEMrep1/MEMrep1-25MIC1mM_S38_L999_R1_001.out.gz.CP009273.insert_site_plot.gz,/mnt/yasirvol/ANTIBIOTIC_STRESS_EXPERIMENT/ANALYSIS_BY_YASIRandKEITH/Meropenem/MEMrep2/MEMrep2-25MIC1mM_S45_L999_R1_001.out.gz.CP009273.insert_site_plot.gz
Meropenem,Cell wall,PBP,Cidal,2,1,/mnt/yasirvol/ANTIBIOTIC_STRESS_EXPERIMENT/ANALYSIS_BY_YASIRandKEITH/Meropenem/MEMrep1/MEMrep1-2MIC1mM_S47_L999_R1_001.out.gz.CP009273.insert_site_plot.gz,/mnt/yasirvol/ANTIBIOTIC_STRESS_EXPERIMENT/ANALYSIS_BY_YASIRandKEITH/Meropenem/MEMrep2/MEMrep2-2MIC1mM_S57_L999_R1_001.out.gz.CP009273.insert_site_plot.gz
Meropenem,Cell wall,PBP,Cidal,0.5,1,/mnt/yasirvol/ANTIBIOTIC_STRESS_EXPERIMENT/ANALYSIS_BY_YASIRandKEITH/Meropenem/MEMrep1/MEMrep1-5MIC1mM_S59_L999_R1_001.out.gz.CP009273.insert_site_plot.gz,/mnt/yasirvol/ANTIBIOTIC_STRESS_EXPERIMENT/ANALYSIS_BY_YASIRandKEITH/Meropenem/MEMrep2/MEMrep2-5MIC1mM_S37_L999_R1_001.out.gz.CP009273.insert_site_plot.gz
Meropenem,Cell wall,PBP,Cidal,1,1,/mnt/yasirvol/ANTIBIOTIC_STRESS_EXPERIMENT/ANALYSIS_BY_YASIRandKEITH/Meropenem/MEMrep1/MEMrep1-MIC1mM_S57_L999_R1_001.out.gz.CP009273.insert_site_plot.gz,/mnt/yasirvol/ANTIBIOTIC_STRESS_EXPERIMENT/ANALYSIS_BY_YASIRandKEITH/Meropenem/MEMrep2/MEMrep2-MIC1mM_S48_L999_R1_001.out.gz.CP009273.insert_site_plot.gz
Meropenem,Cell wall,PBP,Cidal,0.25,2,/mnt/yasirvol/ANTIBIOTIC_STRESS_EXPERIMENT/ANALYSIS_BY_YASIRandKEITH/Meropenem/MEMrep1/MEMrep1-25MIC-2mM_S42_L999_R1_001.out.gz.CP009273.insert_site_plot.gz,/mnt/yasirvol/ANTIBIOTIC_STRESS_EXPERIMENT/ANALYSIS_BY_YASIRandKEITH/Meropenem/MEMrep2/MEMrep2-25MIC-2mM_S41_L999_R1_001.out.gz.CP009273.insert_site_plot.gz
Meropenem,Cell wall,PBP,Cidal,2,2,/mnt/yasirvol/ANTIBIOTIC_STRESS_EXPERIMENT/ANALYSIS_BY_YASIRandKEITH/Meropenem/MEMrep1/MEMrep1-2MIC-2mM_S44_L999_R1_001.out.gz.CP009273.insert_site_plot.gz,/mnt/yasirvol/ANTIBIOTIC_STRESS_EXPERIMENT/ANALYSIS_BY_YASIRandKEITH/Meropenem/MEMrep2/MEMrep2-2MIC-2mM_S58_L999_R1_001.out.gz.CP009273.insert_site_plot.gz
Meropenem,Cell wall,PBP,Cidal,0.5,2,/mnt/yasirvol/ANTIBIOTIC_STRESS_EXPERIMENT/ANALYSIS_BY_YASIRandKEITH/Meropenem/MEMrep1/MEMrep1-5MIC-2mM_S56_L999_R1_001.out.gz.CP009273.insert_site_plot.gz,/mnt/yasirvol/ANTIBIOTIC_STRESS_EXPERIMENT/ANALYSIS_BY_YASIRandKEITH/Meropenem/MEMrep2/MEMrep2-5MIC-2mM_S36_L999_R1_001.out.gz.CP009273.insert_site_plot.gz
Meropenem,Cell wall,PBP,Cidal,1,2,/mnt/yasirvol/ANTIBIOTIC_STRESS_EXPERIMENT/ANALYSIS_BY_YASIRandKEITH/Meropenem/MEMrep1/MEMrep1-MIC-2mM_S53_L999_R1_001.out.gz.CP009273.insert_site_plot.gz,/mnt/yasirvol/ANTIBIOTIC_STRESS_EXPERIMENT/ANALYSIS_BY_YASIRandKEITH/Meropenem/MEMrep2/MEMrep2-MIC-2mM_S49_L999_R1_001.out.gz.CP009273.insert_site_plot.gz
Meropenem,Cell wall,PBP,Cidal,0.25,pool,/mnt/yasirvol/ANTIBIOTIC_STRESS_EXPERIMENT/ANALYSIS_BY_YASIRandKEITH/combined_plots/Meropenem-MEMrep1/combined/25MIC.insert_site_plot.gz,/mnt/yasirvol/ANTIBIOTIC_STRESS_EXPERIMENT/ANALYSIS_BY_YASIRandKEITH/combined_plots/Meropenem-MEMrep2/combined/25MIC.insert_site_plot.gz
Meropenem,Cell wall,PBP,Cidal,0.5,pool,/mnt/yasirvol/ANTIBIOTIC_STRESS_EXPERIMENT/ANALYSIS_BY_YASIRandKEITH/combined_plots/Meropenem-MEMrep1/combined/5MIC.insert_site_plot.gz,/mnt/yasirvol/ANTIBIOTIC_STRESS_EXPERIMENT/ANALYSIS_BY_YASIRandKEITH/combined_plots/Meropenem-MEMrep2/combined/5MIC.insert_site_plot.gz
Meropenem,Cell wall,PBP,Cidal,1,pool,/mnt/yasirvol/ANTIBIOTIC_STRESS_EXPERIMENT/ANALYSIS_BY_YASIRandKEITH/combined_plots/Meropenem-MEMrep1/combined/MIC.insert_site_plot.gz,/mnt/yasirvol/ANTIBIOTIC_STRESS_EXPERIMENT/ANALYSIS_BY_YASIRandKEITH/combined_plots/Meropenem-MEMrep2/combined/MIC.insert_site_plot.gz
Meropenem,Cell wall,PBP,Cidal,2,pool,/mnt/yasirvol/ANTIBIOTIC_STRESS_EXPERIMENT/ANALYSIS_BY_YASIRandKEITH/combined_plots/Meropenem-MEMrep1/combined/2MIC.insert_site_plot.gz,/mnt/yasirvol/ANTIBIOTIC_STRESS_EXPERIMENT/ANALYSIS_BY_YASIRandKEITH/combined_plots/Meropenem-MEMrep2/combined/2MIC.insert_site_plot.gz
Piperacillin,Cell wall,PBP,Cidal,0.25,0,/mnt/yasirvol/ANTIBIOTIC_STRESS_EXPERIMENT/ANALYSIS_BY_YASIRandKEITH/Piperacillin/PIPERACILLINrep1/Piperacillinrep1-25MIC_S39_L999_R1_001.out.gz.CP009273.insert_site_plot.gz,/mnt/yasirvol/ANTIBIOTIC_STRESS_EXPERIMENT/ANALYSIS_BY_YASIRandKEITH/Piperacillin/PIPERACILLINrep2/Piperacillinrep2-25MIC_S58_L999_R1_001.out.gz.CP009273.insert_site_plot.gz
Piperacillin,Cell wall,PBP,Cidal,2,0,/mnt/yasirvol/ANTIBIOTIC_STRESS_EXPERIMENT/ANALYSIS_BY_YASIRandKEITH/Piperacillin/PIPERACILLINrep1/Piperacillinrep1-2MIC_S57_L999_R1_001.out.gz.CP009273.insert_site_plot.gz,/mnt/yasirvol/ANTIBIOTIC_STRESS_EXPERIMENT/ANALYSIS_BY_YASIRandKEITH/Piperacillin/PIPERACILLINrep2/Piperacillinrep2-2MIC_S45_L999_R1_001.out.gz.CP009273.insert_site_plot.gz
Piperacillin,Cell wall,PBP,Cidal,0.5,0,/mnt/yasirvol/ANTIBIOTIC_STRESS_EXPERIMENT/ANALYSIS_BY_YASIRandKEITH/Piperacillin/PIPERACILLINrep1/Piperacillinrep1-5MIC_S47_L999_R1_001.out.gz.CP009273.insert_site_plot.gz,/mnt/yasirvol/ANTIBIOTIC_STRESS_EXPERIMENT/ANALYSIS_BY_YASIRandKEITH/Piperacillin/PIPERACILLINrep2/Piperacillinrep2-5MIC_S51_L999_R1_001.out.gz.CP009273.insert_site_plot.gz
Piperacillin,Cell wall,PBP,Cidal,1,0,/mnt/yasirvol/ANTIBIOTIC_STRESS_EXPERIMENT/ANALYSIS_BY_YASIRandKEITH/Piperacillin/PIPERACILLINrep1/Piperacillinrep1-MIC_S49_L999_R1_001.out.gz.CP009273.insert_site_plot.gz,/mnt/yasirvol/ANTIBIOTIC_STRESS_EXPERIMENT/ANALYSIS_BY_YASIRandKEITH/Piperacillin/PIPERACILLINrep2/Piperacillinrep2-MIC_S47_L999_R1_001.out.gz.CP009273.insert_site_plot.gz
Piperacillin,Cell wall,PBP,Cidal,0.25,1,/mnt/yasirvol/ANTIBIOTIC_STRESS_EXPERIMENT/ANALYSIS_BY_YASIRandKEITH/Piperacillin/PIPERACILLINrep1/Piperacillinrep1-25MIC1mM_S36_L999_R1_001.out.gz.CP009273.insert_site_plot.gz,/mnt/yasirvol/ANTIBIOTIC_STRESS_EXPERIMENT/ANALYSIS_BY_YASIRandKEITH/Piperacillin/PIPERACILLINrep2/Piperacillinrep2-25MIC1mM_S52_L999_R1_001.out.gz.CP009273.insert_site_plot.gz
Piperacillin,Cell wall,PBP,Cidal,2,1,/mnt/yasirvol/ANTIBIOTIC_STRESS_EXPERIMENT/ANALYSIS_BY_YASIRandKEITH/Piperacillin/PIPERACILLINrep1/Piperacillinrep1-2MIC1mM_S50_L999_R1_001.out.gz.CP009273.insert_site_plot.gz,/mnt/yasirvol/ANTIBIOTIC_STRESS_EXPERIMENT/ANALYSIS_BY_YASIRandKEITH/Piperacillin/PIPERACILLINrep2/Piperacillinrep2-2MIC1mM_S44_L999_R1_001.out.gz.CP009273.insert_site_plot.gz
Piperacillin,Cell wall,PBP,Cidal,0.5,1,/mnt/yasirvol/ANTIBIOTIC_STRESS_EXPERIMENT/ANALYSIS_BY_YASIRandKEITH/Piperacillin/PIPERACILLINrep1/Piperacillinrep1-5MIC1mM_S52_L999_R1_001.out.gz.CP009273.insert_site_plot.gz,/mnt/yasirvol/ANTIBIOTIC_STRESS_EXPERIMENT/ANALYSIS_BY_YASIRandKEITH/Piperacillin/PIPERACILLINrep2/Piperacillinrep2-5MIC1mM_S50_L999_R1_001.out.gz.CP009273.insert_site_plot.gz
Piperacillin,Cell wall,PBP,Cidal,1,1,/mnt/yasirvol/ANTIBIOTIC_STRESS_EXPERIMENT/ANALYSIS_BY_YASIRandKEITH/Piperacillin/PIPERACILLINrep1/Piperacillinrep1-MIC1mM_S60_L999_R1_001.out.gz.CP009273.insert_site_plot.gz,/mnt/yasirvol/ANTIBIOTIC_STRESS_EXPERIMENT/ANALYSIS_BY_YASIRandKEITH/Piperacillin/PIPERACILLINrep2/Piperacillinrep2-MIC1mM_S46_L999_R1_001.out.gz.CP009273.insert_site_plot.gz
Piperacillin,Cell wall,PBP,Cidal,0.25,2,/mnt/yasirvol/ANTIBIOTIC_STRESS_EXPERIMENT/ANALYSIS_BY_YASIRandKEITH/Piperacillin/PIPERACILLINrep1/Piperacillinrep1-25MIC-2mM_S37_L999_R1_001.out.gz.CP009273.insert_site_plot.gz,/mnt/yasirvol/ANTIBIOTIC_STRESS_EXPERIMENT/ANALYSIS_BY_YASIRandKEITH/Piperacillin/PIPERACILLINrep2/Piperacillinrep2-25MIC-2mM_S55_L999_R1_001.out.gz.CP009273.insert_site_plot.gz
Piperacillin,Cell wall,PBP,Cidal,2,2,/mnt/yasirvol/ANTIBIOTIC_STRESS_EXPERIMENT/ANALYSIS_BY_YASIRandKEITH/Piperacillin/PIPERACILLINrep1/Piperacillinrep1-2MIC-2mM_S54_L999_R1_001.out.gz.CP009273.insert_site_plot.gz,/mnt/yasirvol/ANTIBIOTIC_STRESS_EXPERIMENT/ANALYSIS_BY_YASIRandKEITH/Piperacillin/PIPERACILLINrep2/Piperacillinrep2-2MIC-2mM_S39_L999_R1_001.out.gz.CP009273.insert_site_plot.gz
Piperacillin,Cell wall,PBP,Cidal,0.5,2,/mnt/yasirvol/ANTIBIOTIC_STRESS_EXPERIMENT/ANALYSIS_BY_YASIRandKEITH/Piperacillin/PIPERACILLINrep1/Piperacillinrep1-5MIC-2mM_S46_L999_R1_001.out.gz.CP009273.insert_site_plot.gz,/mnt/yasirvol/ANTIBIOTIC_STRESS_EXPERIMENT/ANALYSIS_BY_YASIRandKEITH/Piperacillin/PIPERACILLINrep2/Piperacillinrep2-5MIC-2mM_S56_L999_R1_001.out.gz.CP009273.insert_site_plot.gz
Piperacillin,Cell wall,PBP,Cidal,1,2,/mnt/yasirvol/ANTIBIOTIC_STRESS_EXPERIMENT/ANALYSIS_BY_YASIRandKEITH/Piperacillin/PIPERACILLINrep1/Piperacillinrep1-MIC-2mM_S45_L999_R1_001.out.gz.CP009273.insert_site_plot.gz,/mnt/yasirvol/ANTIBIOTIC_STRESS_EXPERIMENT/ANALYSIS_BY_YASIRandKEITH/Piperacillin/PIPERACILLINrep2/Piperacillinrep2-MIC-2mM_S38_L999_R1_001.out.gz.CP009273.insert_site_plot.gz
Piperacillin,Cell wall,PBP,Cidal,0.25,pool,/mnt/yasirvol/ANTIBIOTIC_STRESS_EXPERIMENT/ANALYSIS_BY_YASIRandKEITH/combined_plots/Piperacillin-PIPERACILLINrep1/combined/25MIC.insert_site_plot.gz,/mnt/yasirvol/ANTIBIOTIC_STRESS_EXPERIMENT/ANALYSIS_BY_YASIRandKEITH/combined_plots/Piperacillin-PIPERACILLINrep2/combined/25MIC.insert_site_plot.gz
Piperacillin,Cell wall,PBP,Cidal,0.5,pool,/mnt/yasirvol/ANTIBIOTIC_STRESS_EXPERIMENT/ANALYSIS_BY_YASIRandKEITH/combined_plots/Piperacillin-PIPERACILLINrep1/combined/5MIC.insert_site_plot.gz,/mnt/yasirvol/ANTIBIOTIC_STRESS_EXPERIMENT/ANALYSIS_BY_YASIRandKEITH/combined_plots/Piperacillin-PIPERACILLINrep2/combined/5MIC.insert_site_plot.gz
Piperacillin,Cell wall,PBP,Cidal,1,pool,/mnt/yasirvol/ANTIBIOTIC_STRESS_EXPERIMENT/ANALYSIS_BY_YASIRandKEITH/combined_plots/Piperacillin-PIPERACILLINrep1/combined/MIC.insert_site_plot.gz,/mnt/yasirvol/ANTIBIOTIC_STRESS_EXPERIMENT/ANALYSIS_BY_YASIRandKEITH/combined_plots/Piperacillin-PIPERACILLINrep2/combined/MIC.insert_site_plot.gz
Piperacillin,Cell wall,PBP,Cidal,2,pool,/mnt/yasirvol/ANTIBIOTIC_STRESS_EXPERIMENT/ANALYSIS_BY_YASIRandKEITH/combined_plots/Piperacillin-PIPERACILLINrep1/combined/2MIC.insert_site_plot.gz,/mnt/yasirvol/ANTIBIOTIC_STRESS_EXPERIMENT/ANALYSIS_BY_YASIRandKEITH/combined_plots/Piperacillin-PIPERACILLINrep2/combined/2MIC.insert_site_plot.gz
Sulfamethoxazole,,,,0.25,0,/mnt/yasirvol/ANTIBIOTIC_STRESS_EXPERIMENT/ANALYSIS_BY_YASIRandKEITH/Sulfamethoxazole/SXTrep1/SULFAMETHOXAZOLErep1-25MIC_S40_L999_R1_001.out.gz.CP009273.insert_site_plot.gz,/mnt/yasirvol/ANTIBIOTIC_STRESS_EXPERIMENT/ANALYSIS_BY_YASIRandKEITH/Sulfamethoxazole/SXTrep2/SULFAMETHOXAZOLErep2-25MIC_S48_L999_R1_001.out.gz.CP009273.insert_site_plot.gz
Sulfamethoxazole,,,,2,0,/mnt/yasirvol/ANTIBIOTIC_STRESS_EXPERIMENT/ANALYSIS_BY_YASIRandKEITH/Sulfamethoxazole/SXTrep1/SULFAMETHOXAZOLErep1-2MIC_S55_L999_R1_001.out.gz.CP009273.insert_site_plot.gz,/mnt/yasirvol/ANTIBIOTIC_STRESS_EXPERIMENT/ANALYSIS_BY_YASIRandKEITH/Sulfamethoxazole/SXTrep2/SULFAMETHOXAZOLErep2-2MIC_S40_L999_R1_001.out.gz.CP009273.insert_site_plot.gz
Sulfamethoxazole,,,,0.5,0,/mnt/yasirvol/ANTIBIOTIC_STRESS_EXPERIMENT/ANALYSIS_BY_YASIRandKEITH/Sulfamethoxazole/SXTrep1/SULFAMETHOXAZOLErep1-5MIC_S44_L999_R1_001.out.gz.CP009273.insert_site_plot.gz,/mnt/yasirvol/ANTIBIOTIC_STRESS_EXPERIMENT/ANALYSIS_BY_YASIRandKEITH/Sulfamethoxazole/SXTrep2/SULFAMETHOXAZOLErep2-5MIC_S54_L999_R1_001.out.gz.CP009273.insert_site_plot.gz
Sulfamethoxazole,,,,1,0,/mnt/yasirvol/ANTIBIOTIC_STRESS_EXPERIMENT/ANALYSIS_BY_YASIRandKEITH/Sulfamethoxazole/SXTrep1/SULFAMETHOXAZOLErep1-MIC_S59_L999_R1_001.out.gz.CP009273.insert_site_plot.gz,/mnt/yasirvol/ANTIBIOTIC_STRESS_EXPERIMENT/ANALYSIS_BY_YASIRandKEITH/Sulfamethoxazole/SXTrep2/SULFAMETHOXAZOLErep2-MIC_S41_L999_R1_001.out.gz.CP009273.insert_site_plot.gz
Sulfamethoxazole,,,,0.25,1,/mnt/yasirvol/ANTIBIOTIC_STRESS_EXPERIMENT/ANALYSIS_BY_YASIRandKEITH/Sulfamethoxazole/SXTrep1/SULFAMETHOXAZOLErep1-25MIC1mM_S42_L999_R1_001.out.gz.CP009273.insert_site_plot.gz,/mnt/yasirvol/ANTIBIOTIC_STRESS_EXPERIMENT/ANALYSIS_BY_YASIRandKEITH/Sulfamethoxazole/SXTrep2/SULFAMETHOXAZOLErep2-25MIC1mM_S57_L999_R1_001.out.gz.CP009273.insert_site_plot.gz
Sulfamethoxazole,,,,2,1,/mnt/yasirvol/ANTIBIOTIC_STRESS_EXPERIMENT/ANALYSIS_BY_YASIRandKEITH/Sulfamethoxazole/SXTrep1/SULFAMETHOXAZOLErep1-2MIC1mM_S56_L999_R1_001.out.gz.CP009273.insert_site_plot.gz,/mnt/yasirvol/ANTIBIOTIC_STRESS_EXPERIMENT/ANALYSIS_BY_YASIRandKEITH/Sulfamethoxazole/SXTrep2/SULFAMETHOXAZOLErep2-2MIC1mM_S43_L999_R1_001.out.gz.CP009273.insert_site_plot.gz
Sulfamethoxazole,,,,0.5,1,/mnt/yasirvol/ANTIBIOTIC_STRESS_EXPERIMENT/ANALYSIS_BY_YASIRandKEITH/Sulfamethoxazole/SXTrep1/SULFAMETHOXAZOLErep1-5MIC1mM_S51_L999_R1_001.out.gz.CP009273.insert_site_plot.gz,/mnt/yasirvol/ANTIBIOTIC_STRESS_EXPERIMENT/ANALYSIS_BY_YASIRandKEITH/Sulfamethoxazole/SXTrep2/SULFAMETHOXAZOLErep2-5MIC1mM_S59_L999_R1_001.out.gz.CP009273.insert_site_plot.gz
Sulfamethoxazole,,,,1,1,/mnt/yasirvol/ANTIBIOTIC_STRESS_EXPERIMENT/ANALYSIS_BY_YASIRandKEITH/Sulfamethoxazole/SXTrep1/SULFAMETHOXAZOLErep1-MIC1mM_S48_L999_R1_001.out.gz.CP009273.insert_site_plot.gz,/mnt/yasirvol/ANTIBIOTIC_STRESS_EXPERIMENT/ANALYSIS_BY_YASIRandKEITH/Sulfamethoxazole/SXTrep2/SULFAMETHOXAZOLErep2-MIC1mM_S37_L999_R1_001.out.gz.CP009273.insert_site_plot.gz
Sulfamethoxazole,,,,0.25,2,/mnt/yasirvol/ANTIBIOTIC_STRESS_EXPERIMENT/ANALYSIS_BY_YASIRandKEITH/Sulfamethoxazole/SXTrep1/SULFAMETHOXAZOLErep1-25MIC-2mM_S38_L999_R1_001.out.gz.CP009273.insert_site_plot.gz,/mnt/yasirvol/ANTIBIOTIC_STRESS_EXPERIMENT/ANALYSIS_BY_YASIRandKEITH/Sulfamethoxazole/SXTrep2/SULFAMETHOXAZOLErep2-25MIC-2mM_S49_L999_R1_001.out.gz.CP009273.insert_site_plot.gz
Sulfamethoxazole,,,,2,2,/mnt/yasirvol/ANTIBIOTIC_STRESS_EXPERIMENT/ANALYSIS_BY_YASIRandKEITH/Sulfamethoxazole/SXTrep1/SULFAMETHOXAZOLErep1-2MIC-2mM_S61_L999_R1_001.out.gz.CP009273.insert_site_plot.gz,/mnt/yasirvol/ANTIBIOTIC_STRESS_EXPERIMENT/ANALYSIS_BY_YASIRandKEITH/Sulfamethoxazole/SXTrep2/SULFAMETHOXAZOLErep2-2MIC-2mM_S36_L999_R1_001.out.gz.CP009273.insert_site_plot.gz
Sulfamethoxazole,,,,0.5,2,/mnt/yasirvol/ANTIBIOTIC_STRESS_EXPERIMENT/ANALYSIS_BY_YASIRandKEITH/Sulfamethoxazole/SXTrep1/SULFAMETHOXAZOLErep1-5MIC-2mM_S58_L999_R1_001.out.gz.CP009273.insert_site_plot.gz,/mnt/yasirvol/ANTIBIOTIC_STRESS_EXPERIMENT/ANALYSIS_BY_YASIRandKEITH/Sulfamethoxazole/SXTrep2/SULFAMETHOXAZOLErep2-5MIC-2mM_S53_L999_R1_001.out.gz.CP009273.insert_site_plot.gz
Sulfamethoxazole,,,,1,2,/mnt/yasirvol/ANTIBIOTIC_STRESS_EXPERIMENT/ANALYSIS_BY_YASIRandKEITH/Sulfamethoxazole/SXTrep1/SULFAMETHOXAZOLErep1-MIC-2mM_S53_L999_R1_001.out.gz.CP009273.insert_site_plot.gz,/mnt/yasirvol/ANTIBIOTIC_STRESS_EXPERIMENT/ANALYSIS_BY_YASIRandKEITH/Sulfamethoxazole/SXTrep2/SULFAMETHOXAZOLErep2-MIC-2mM_S42_L999_R1_001.out.gz.CP009273.insert_site_plot.gz
Sulfamethoxazole,,,,0.25,pool,/mnt/yasirvol/ANTIBIOTIC_STRESS_EXPERIMENT/ANALYSIS_BY_YASIRandKEITH/combined_plots/Sulfamethoxazole-SXTrep1/combined/25MIC.insert_site_plot.gz,/mnt/yasirvol/ANTIBIOTIC_STRESS_EXPERIMENT/ANALYSIS_BY_YASIRandKEITH/combined_plots/Sulfamethoxazole-SXTrep2/combined/25MIC.insert_site_plot.gz
Sulfamethoxazole,,,,0.5,pool,/mnt/yasirvol/ANTIBIOTIC_STRESS_EXPERIMENT/ANALYSIS_BY_YASIRandKEITH/combined_plots/Sulfamethoxazole-SXTrep1/combined/5MIC.insert_site_plot.gz,/mnt/yasirvol/ANTIBIOTIC_STRESS_EXPERIMENT/ANALYSIS_BY_YASIRandKEITH/combined_plots/Sulfamethoxazole-SXTrep2/combined/5MIC.insert_site_plot.gz
Sulfamethoxazole,,,,1,pool,/mnt/yasirvol/ANTIBIOTIC_STRESS_EXPERIMENT/ANALYSIS_BY_YASIRandKEITH/combined_plots/Sulfamethoxazole-SXTrep1/combined/MIC.insert_site_plot.gz,/mnt/yasirvol/ANTIBIOTIC_STRESS_EXPERIMENT/ANALYSIS_BY_YASIRandKEITH/combined_plots/Sulfamethoxazole-SXTrep2/combined/MIC.insert_site_plot.gz
Sulfamethoxazole,,,,2,pool,/mnt/yasirvol/ANTIBIOTIC_STRESS_EXPERIMENT/ANALYSIS_BY_YASIRandKEITH/combined_plots/Sulfamethoxazole-SXTrep1/combined/2MIC.insert_site_plot.gz,/mnt/yasirvol/ANTIBIOTIC_STRESS_EXPERIMENT/ANALYSIS_BY_YASIRandKEITH/combined_plots/Sulfamethoxazole-SXTrep2/combined/2MIC.insert_site_plot.gz
Tigecycline,Ribosome,30S subunit,Static,0.25,0,/mnt/yasirvol/ANTIBIOTIC_STRESS_EXPERIMENT/ANALYSIS_BY_YASIRandKEITH/Tigecycline/TIGECYCLINErep1/TIGECYCLINErep1-25MIC_S36_L999_R1_001.out.gz.CP009273.insert_site_plot.gz,/mnt/yasirvol/ANTIBIOTIC_STRESS_EXPERIMENT/ANALYSIS_BY_YASIRandKEITH/Tigecycline/TIGECYCLINErep2/TIGECYCLINErep2-25MIC_S49_L999_R1_001.out.gz.CP009273.insert_site_plot.gz
Tigecycline,Ribosome,30S subunit,Static,2,0,/mnt/yasirvol/ANTIBIOTIC_STRESS_EXPERIMENT/ANALYSIS_BY_YASIRandKEITH/Tigecycline/TIGECYCLINErep1/TIGECYCLINErep1-2MIC_S58_L999_R1_001.out.gz.CP009273.insert_site_plot.gz,/mnt/yasirvol/ANTIBIOTIC_STRESS_EXPERIMENT/ANALYSIS_BY_YASIRandKEITH/Tigecycline/TIGECYCLINErep2/TIGECYCLINErep2-2MIC_S47_L999_R1_001.out.gz.CP009273.insert_site_plot.gz
Tigecycline,Ribosome,30S subunit,Static,0.5,0,/mnt/yasirvol/ANTIBIOTIC_STRESS_EXPERIMENT/ANALYSIS_BY_YASIRandKEITH/Tigecycline/TIGECYCLINErep1/TIGECYCLINErep1-5MIC_S54_L999_R1_001.out.gz.CP009273.insert_site_plot.gz,/mnt/yasirvol/ANTIBIOTIC_STRESS_EXPERIMENT/ANALYSIS_BY_YASIRandKEITH/Tigecycline/TIGECYCLINErep2/TIGECYCLINErep2-5MIC_S48_L999_R1_001.out.gz.CP009273.insert_site_plot.gz
Tigecycline,Ribosome,30S subunit,Static,1,0,/mnt/yasirvol/ANTIBIOTIC_STRESS_EXPERIMENT/ANALYSIS_BY_YASIRandKEITH/Tigecycline/TIGECYCLINErep1/TIGECYCLINErep1-MIC_S47_L999_R1_001.out.gz.CP009273.insert_site_plot.gz,/mnt/yasirvol/ANTIBIOTIC_STRESS_EXPERIMENT/ANALYSIS_BY_YASIRandKEITH/Tigecycline/TIGECYCLINErep2/TIGECYCLINErep2-MIC_S46_L999_R1_001.out.gz.CP009273.insert_site_plot.gz
Tigecycline,Ribosome,30S subunit,Static,0.25,1,/mnt/yasirvol/ANTIBIOTIC_STRESS_EXPERIMENT/ANALYSIS_BY_YASIRandKEITH/Tigecycline/TIGECYCLINErep1/TIGECYCLINErep1-25MIC1mM_S38_L999_R1_001.out.gz.CP009273.insert_site_plot.gz,/mnt/yasirvol/ANTIBIOTIC_STRESS_EXPERIMENT/ANALYSIS_BY_YASIRandKEITH/Tigecycline/TIGECYCLINErep2/TIGECYCLINErep2-25MIC1mM_S51_L999_R1_001.out.gz.CP009273.insert_site_plot.gz
Tigecycline,Ribosome,30S subunit,Static,2,1,/mnt/yasirvol/ANTIBIOTIC_STRESS_EXPERIMENT/ANALYSIS_BY_YASIRandKEITH/Tigecycline/TIGECYCLINErep1/TIGECYCLINErep1-2MIC1mM_S45_L999_R1_001.out.gz.CP009273.insert_site_plot.gz,/mnt/yasirvol/ANTIBIOTIC_STRESS_EXPERIMENT/ANALYSIS_BY_YASIRandKEITH/Tigecycline/TIGECYCLINErep2/TIGECYCLINErep2-2MIC1mM_S39_L999_R1_001.out.gz.CP009273.insert_site_plot.gz
Tigecycline,Ribosome,30S subunit,Static,0.5,1,/mnt/yasirvol/ANTIBIOTIC_STRESS_EXPERIMENT/ANALYSIS_BY_YASIRandKEITH/Tigecycline/TIGECYCLINErep1/TIGECYCLINErep1-5MIC1mM_S49_L999_R1_001.out.gz.CP009273.insert_site_plot.gz,/mnt/yasirvol/ANTIBIOTIC_STRESS_EXPERIMENT/ANALYSIS_BY_YASIRandKEITH/Tigecycline/TIGECYCLINErep2/TIGECYCLINErep2-5MIC1mM_S57_L999_R1_001.out.gz.CP009273.insert_site_plot.gz
Tigecycline,Ribosome,30S subunit,Static,1,1,/mnt/yasirvol/ANTIBIOTIC_STRESS_EXPERIMENT/ANALYSIS_BY_YASIRandKEITH/Tigecycline/TIGECYCLINErep1/TIGECYCLINErep1-MIC1mM_S43_L999_R1_001.out.gz.CP009273.insert_site_plot.gz,/mnt/yasirvol/ANTIBIOTIC_STRESS_EXPERIMENT/ANALYSIS_BY_YASIRandKEITH/Tigecycline/TIGECYCLINErep2/TIGECYCLINErep2-MIC1mM_S42_L999_R1_001.out.gz.CP009273.insert_site_plot.gz
Tigecycline,Ribosome,30S subunit,Static,0.25,2,/mnt/yasirvol/ANTIBIOTIC_STRESS_EXPERIMENT/ANALYSIS_BY_YASIRandKEITH/Tigecycline/TIGECYCLINErep1/TIGECYCLINErep1-25MIC-2mM_S40_L999_R1_001.out.gz.CP009273.insert_site_plot.gz,/mnt/yasirvol/ANTIBIOTIC_STRESS_EXPERIMENT/ANALYSIS_BY_YASIRandKEITH/Tigecycline/TIGECYCLINErep2/TIGECYCLINErep2-25MIC-2mM_S54_L999_R1_001.out.gz.CP009273.insert_site_plot.gz
Tigecycline,Ribosome,30S subunit,Static,2,2,/mnt/yasirvol/ANTIBIOTIC_STRESS_EXPERIMENT/ANALYSIS_BY_YASIRandKEITH/Tigecycline/TIGECYCLINErep1/TIGECYCLINErep1-2MIC-2mM_S52_L999_R1_001.out.gz.CP009273.insert_site_plot.gz,/mnt/yasirvol/ANTIBIOTIC_STRESS_EXPERIMENT/ANALYSIS_BY_YASIRandKEITH/Tigecycline/TIGECYCLINErep2/TIGECYCLINErep2-2MIC-2mM_S37_L999_R1_001.out.gz.CP009273.insert_site_plot.gz
Tigecycline,Ribosome,30S subunit,Static,0.5,2,/mnt/yasirvol/ANTIBIOTIC_STRESS_EXPERIMENT/ANALYSIS_BY_YASIRandKEITH/Tigecycline/TIGECYCLINErep1/TIGECYCLINErep1-5MIC-2mM_S53_L999_R1_001.out.gz.CP009273.insert_site_plot.gz,/mnt/yasirvol/ANTIBIOTIC_STRESS_EXPERIMENT/ANALYSIS_BY_YASIRandKEITH/Tigecycline/TIGECYCLINErep2/TIGECYCLINErep2-5MIC-2mM_S58_L999_R1_001.out.gz.CP009273.insert_site_plot.gz
Tigecycline,Ribosome,30S subunit,Static,1,2,/mnt/yasirvol/ANTIBIOTIC_STRESS_EXPERIMENT/ANALYSIS_BY_YASIRandKEITH/Tigecycline/TIGECYCLINErep1/TIGECYCLINErep1-MIC-2mM_S55_L999_R1_001.out.gz.CP009273.insert_site_plot.gz,/mnt/yasirvol/ANTIBIOTIC_STRESS_EXPERIMENT/ANALYSIS_BY_YASIRandKEITH/Tigecycline/TIGECYCLINErep2/TIGECYCLINErep2-MIC-2mM_S44_L999_R1_001.out.gz.CP009273.insert_site_plot.gz
Tigecycline,Ribosome,30S subunit,Static,0.25,pool,/mnt/yasirvol/ANTIBIOTIC_STRESS_EXPERIMENT/ANALYSIS_BY_YASIRandKEITH/combined_plots/Tigecycline-TIGECYCLINErep1/combined/25MIC.insert_site_plot.gz,/mnt/yasirvol/ANTIBIOTIC_STRESS_EXPERIMENT/ANALYSIS_BY_YASIRandKEITH/combined_plots/Tigecycline-TIGECYCLINErep2/combined/25MIC.insert_site_plot.gz
Tigecycline,Ribosome,30S subunit,Static,0.5,pool,/mnt/yasirvol/ANTIBIOTIC_STRESS_EXPERIMENT/ANALYSIS_BY_YASIRandKEITH/combined_plots/Tigecycline-TIGECYCLINErep1/combined/5MIC.insert_site_plot.gz,/mnt/yasirvol/ANTIBIOTIC_STRESS_EXPERIMENT/ANALYSIS_BY_YASIRandKEITH/combined_plots/Tigecycline-TIGECYCLINErep2/combined/5MIC.insert_site_plot.gz
Tigecycline,Ribosome,30S subunit,Static,1,pool,/mnt/yasirvol/ANTIBIOTIC_STRESS_EXPERIMENT/ANALYSIS_BY_YASIRandKEITH/combined_plots/Tigecycline-TIGECYCLINErep1/combined/MIC.insert_site_plot.gz,/mnt/yasirvol/ANTIBIOTIC_STRESS_EXPERIMENT/ANALYSIS_BY_YASIRandKEITH/combined_plots/Tigecycline-TIGECYCLINErep2/combined/MIC.insert_site_plot.gz
Tigecycline,Ribosome,30S subunit,Static,2,pool,/mnt/yasirvol/ANTIBIOTIC_STRESS_EXPERIMENT/ANALYSIS_BY_YASIRandKEITH/combined_plots/Tigecycline-TIGECYCLINErep1/combined/2MIC.insert_site_plot.gz,/mnt/yasirvol/ANTIBIOTIC_STRESS_EXPERIMENT/ANALYSIS_BY_YASIRandKEITH/combined_plots/Tigecycline-TIGECYCLINErep2/combined/2MIC.insert_site_plot.gz
Triclosan,Fatty acid biosynthesis,FabI,Static,0.25,pool,/mnt/yasirvol/ANTIBIOTIC_STRESS_EXPERIMENT/ANALYSIS_BY_YASIRandKEITH/combined_plots/TriclosanHighConcentration-TRICLOSANhighconcentrationrep2/combined/25MIC.insert_site_plot.gz,/mnt/yasirvol/ANTIBIOTIC_STRESS_EXPERIMENT/ANALYSIS_BY_YASIRandKEITH/combined_plots/TriclosanHighConcentration-TRICLOSANhighConcentrationrep1/combined/25MIC.insert_site_plot.gz
Triclosan,Fatty acid biosynthesis,FabI,Static,0.5,pool,/mnt/yasirvol/ANTIBIOTIC_STRESS_EXPERIMENT/ANALYSIS_BY_YASIRandKEITH/combined_plots/TriclosanHighConcentration-TRICLOSANhighConcentrationrep1/combined/5MIC.insert_site_plot.gz,/mnt/yasirvol/ANTIBIOTIC_STRESS_EXPERIMENT/ANALYSIS_BY_YASIRandKEITH/combined_plots/TriclosanHighConcentration-TRICLOSANhighconcentrationrep2/combined/5MIC.insert_site_plot.gz
Triclosan,Fatty acid biosynthesis,FabI,Static,1,pool,/mnt/yasirvol/ANTIBIOTIC_STRESS_EXPERIMENT/ANALYSIS_BY_YASIRandKEITH/combined_plots/TriclosanHighConcentration-TRICLOSANhighconcentrationrep2/combined/MIC.insert_site_plot.gz,/mnt/yasirvol/ANTIBIOTIC_STRESS_EXPERIMENT/ANALYSIS_BY_YASIRandKEITH/combined_plots/TriclosanHighConcentration-TRICLOSANhighConcentrationrep1/combined/MIC.insert_site_plot.gz
Triclosan,Fatty acid biosynthesis,FabI,Static,2,pool,/mnt/yasirvol/ANTIBIOTIC_STRESS_EXPERIMENT/ANALYSIS_BY_YASIRandKEITH/combined_plots/TriclosanHighConcentration-TRICLOSANhighconcentrationrep2/combined/2MIC.insert_site_plot.gz,/mnt/yasirvol/ANTIBIOTIC_STRESS_EXPERIMENT/ANALYSIS_BY_YASIRandKEITH/combined_plots/TriclosanHighConcentration-TRICLOSANhighConcentrationrep1/combined/2MIC.insert_site_plot.gz
Triclosan,Fatty acid biosynthesis,FabI,Static,0.25,0,/mnt/yasirvol/ANTIBIOTIC_STRESS_EXPERIMENT/ANALYSIS_BY_YASIRandKEITH/TriclosanHighConcentration/TRICLOSANhighConcentrationrep1/TRICLOSANhighconcrep1-25MIC_S41_L999_R1_001.out.gz.CP009273.insert_site_plot.gz,/mnt/yasirvol/ANTIBIOTIC_STRESS_EXPERIMENT/ANALYSIS_BY_YASIRandKEITH/TriclosanHighConcentration/TRICLOSANhighconcentrationrep2/TRICLOSANhighconcrep2-25MIC_S53_L999_R1_001.out.gz.CP009273.insert_site_plot.gz
Triclosan,Fatty acid biosynthesis,FabI,Static,2,0,/mnt/yasirvol/ANTIBIOTIC_STRESS_EXPERIMENT/ANALYSIS_BY_YASIRandKEITH/TriclosanHighConcentration/TRICLOSANhighConcentrationrep1/TRICLOSANhighconcrep1-2MIC_S44_L999_R1_001.out.gz.CP009273.insert_site_plot.gz,/mnt/yasirvol/ANTIBIOTIC_STRESS_EXPERIMENT/ANALYSIS_BY_YASIRandKEITH/TriclosanHighConcentration/TRICLOSANhighconcentrationrep2/TRICLOSANhighconcrep2-2MIC_S36_L999_R1_001.out.gz.CP009273.insert_site_plot.gz
Triclosan,Fatty acid biosynthesis,FabI,Static,0.5,0,/mnt/yasirvol/ANTIBIOTIC_STRESS_EXPERIMENT/ANALYSIS_BY_YASIRandKEITH/TriclosanHighConcentration/TRICLOSANhighConcentrationrep1/TRICLOSANhighconcrep1-5MIC_S48_L999_R1_001.out.gz.CP009273.insert_site_plot.gz,/mnt/yasirvol/ANTIBIOTIC_STRESS_EXPERIMENT/ANALYSIS_BY_YASIRandKEITH/TriclosanHighConcentration/TRICLOSANhighconcentrationrep2/TRICLOSANhighconcrep2-5MIC_S52_L999_R1_001.out.gz.CP009273.insert_site_plot.gz
Triclosan,Fatty acid biosynthesis,FabI,Static,1,0,/mnt/yasirvol/ANTIBIOTIC_STRESS_EXPERIMENT/ANALYSIS_BY_YASIRandKEITH/TriclosanHighConcentration/TRICLOSANhighConcentrationrep1/TRICLOSANhighconcrep1-MIC_S50_L999_R1_001.out.gz.CP009273.insert_site_plot.gz,/mnt/yasirvol/ANTIBIOTIC_STRESS_EXPERIMENT/ANALYSIS_BY_YASIRandKEITH/TriclosanHighConcentration/TRICLOSANhighconcentrationrep2/TRICLOSANhighconcrep2-MIC_S43_L999_R1_001.out.gz.CP009273.insert_site_plot.gz
Triclosan,Fatty acid biosynthesis,FabI,Static,0.25,1,/mnt/yasirvol/ANTIBIOTIC_STRESS_EXPERIMENT/ANALYSIS_BY_YASIRandKEITH/TriclosanHighConcentration/TRICLOSANhighConcentrationrep1/TRICLOSANhighconcrep1-25MIC1mM_S39_L999_R1_001.out.gz.CP009273.insert_site_plot.gz,/mnt/yasirvol/ANTIBIOTIC_STRESS_EXPERIMENT/ANALYSIS_BY_YASIRandKEITH/TriclosanHighConcentration/TRICLOSANhighconcentrationrep2/TRICLOSANhighconcrep2-25MIC1mM_S56_L999_R1_001.out.gz.CP009273.insert_site_plot.gz
Triclosan,Fatty acid biosynthesis,FabI,Static,2,1,/mnt/yasirvol/ANTIBIOTIC_STRESS_EXPERIMENT/ANALYSIS_BY_YASIRandKEITH/TriclosanHighConcentration/TRICLOSANhighConcentrationrep1/TRICLOSANhighconcrep1-2MIC1mM_S59_L999_R1_001.out.gz.CP009273.insert_site_plot.gz,/mnt/yasirvol/ANTIBIOTIC_STRESS_EXPERIMENT/ANALYSIS_BY_YASIRandKEITH/TriclosanHighConcentration/TRICLOSANhighconcentrationrep2/TRICLOSANhighconcrep2-2MIC1mM_S41_L999_R1_001.out.gz.CP009273.insert_site_plot.gz
Triclosan,Fatty acid biosynthesis,FabI,Static,0.5,1,/mnt/yasirvol/ANTIBIOTIC_STRESS_EXPERIMENT/ANALYSIS_BY_YASIRandKEITH/TriclosanHighConcentration/TRICLOSANhighConcentrationrep1/TRICLOSANhighconcrep1-5MIC1mM_S42_L999_R1_001.out.gz.CP009273.insert_site_plot.gz,/mnt/yasirvol/ANTIBIOTIC_STRESS_EXPERIMENT/ANALYSIS_BY_YASIRandKEITH/TriclosanHighConcentration/TRICLOSANhighconcentrationrep2/TRICLOSANhighconcrep2-5MIC1mM_S59_L999_R1_001.out.gz.CP009273.insert_site_plot.gz
Triclosan,Fatty acid biosynthesis,FabI,Static,1,1,/mnt/yasirvol/ANTIBIOTIC_STRESS_EXPERIMENT/ANALYSIS_BY_YASIRandKEITH/TriclosanHighConcentration/TRICLOSANhighConcentrationrep1/TRICLOSANhighconcrep1-MIC1mM_S56_L999_R1_001.out.gz.CP009273.insert_site_plot.gz,/mnt/yasirvol/ANTIBIOTIC_STRESS_EXPERIMENT/ANALYSIS_BY_YASIRandKEITH/TriclosanHighConcentration/TRICLOSANhighconcentrationrep2/TRICLOSANhighconcrep2-MIC1mM_S38_L999_R1_001.out.gz.CP009273.insert_site_plot.gz
Triclosan,Fatty acid biosynthesis,FabI,Static,0.25,2,/mnt/yasirvol/ANTIBIOTIC_STRESS_EXPERIMENT/ANALYSIS_BY_YASIRandKEITH/TriclosanHighConcentration/TRICLOSANhighConcentrationrep1/TRICLOSANhighconcrep1-25MIC-2mM_S37_L999_R1_001.out.gz.CP009273.insert_site_plot.gz,/mnt/yasirvol/ANTIBIOTIC_STRESS_EXPERIMENT/ANALYSIS_BY_YASIRandKEITH/TriclosanHighConcentration/TRICLOSANhighconcentrationrep2/TRICLOSANhighconcrep2-25MIC-2mM_S55_L999_R1_001.out.gz.CP009273.insert_site_plot.gz
Triclosan,Fatty acid biosynthesis,FabI,Static,2,2,/mnt/yasirvol/ANTIBIOTIC_STRESS_EXPERIMENT/ANALYSIS_BY_YASIRandKEITH/TriclosanHighConcentration/TRICLOSANhighConcentrationrep1/TRICLOSANhighconcrep1-2MIC-2mM_S46_L999_R1_001.out.gz.CP009273.insert_site_plot.gz,/mnt/yasirvol/ANTIBIOTIC_STRESS_EXPERIMENT/ANALYSIS_BY_YASIRandKEITH/TriclosanHighConcentration/TRICLOSANhighconcentrationrep2/TRICLOSANhighconcrep2-2MIC-2mM_S45_L999_R1_001.out.gz.CP009273.insert_site_plot.gz
Triclosan,Fatty acid biosynthesis,FabI,Static,0.5,2,/mnt/yasirvol/ANTIBIOTIC_STRESS_EXPERIMENT/ANALYSIS_BY_YASIRandKEITH/TriclosanHighConcentration/TRICLOSANhighConcentrationrep1/TRICLOSANhighconcrep1-5MIC-2mM_S57_L999_R1_001.out.gz.CP009273.insert_site_plot.gz,/mnt/yasirvol/ANTIBIOTIC_STRESS_EXPERIMENT/ANALYSIS_BY_YASIRandKEITH/TriclosanHighConcentration/TRICLOSANhighconcentrationrep2/TRICLOSANhighconcrep2-5MIC-2mM_S50_L999_R1_001.out.gz.CP009273.insert_site_plot.gz
Triclosan,Fatty acid biosynthesis,FabI,Static,1,2,/mnt/yasirvol/ANTIBIOTIC_STRESS_EXPERIMENT/ANALYSIS_BY_YASIRandKEITH/TriclosanHighConcentration/TRICLOSANhighConcentrationrep1/TRICLOSANhighconcrep1-MIC-2mM_S51_L999_R1_001.out.gz.CP009273.insert_site_plot.gz,/mnt/yasirvol/ANTIBIOTIC_STRESS_EXPERIMENT/ANALYSIS_BY_YASIRandKEITH/TriclosanHighConcentration/TRICLOSANhighconcentrationrep2/TRICLOSANhighconcrep2-MIC-2mM_S40_L999_R1_001.out.gz.CP009273.insert_site_plot.gz
Trimethoprim,,,,0.25,0,/mnt/yasirvol/ANTIBIOTIC_STRESS_EXPERIMENT/ANALYSIS_BY_YASIRandKEITH/Trimethoprim/TMPrep1/TMP0-25MIC.out.gz.CP009273.insert_site_plot.gz,/mnt/yasirvol/ANTIBIOTIC_STRESS_EXPERIMENT/ANALYSIS_BY_YASIRandKEITH/Trimethoprim/TMPrep2/TMPrep2--25MIC_S2_L999_R1_001.out.gz.CP009273.insert_site_plot.gz
Trimethoprim,,,,0.5,0,/mnt/yasirvol/ANTIBIOTIC_STRESS_EXPERIMENT/ANALYSIS_BY_YASIRandKEITH/Trimethoprim/TMPrep1/TMP0-5MIC_S12_L999_R1_001.out.gz.CP009273.insert_site_plot.gz,/mnt/yasirvol/ANTIBIOTIC_STRESS_EXPERIMENT/ANALYSIS_BY_YASIRandKEITH/Trimethoprim/TMPrep2/TMPrep2-0-5MIC_S8_L999_R1_001.out.gz.CP009273.insert_site_plot.gz
Trimethoprim,,,,2,0,/mnt/yasirvol/ANTIBIOTIC_STRESS_EXPERIMENT/ANALYSIS_BY_YASIRandKEITH/Trimethoprim/TMPrep1/TMP2MIC_S4_L999_R1_001.out.gz.CP009273.insert_site_plot.gz,/mnt/yasirvol/ANTIBIOTIC_STRESS_EXPERIMENT/ANALYSIS_BY_YASIRandKEITH/Trimethoprim/TMPrep2/TMPrep2-2MIC_S14_L999_R1_001.out.gz.CP009273.insert_site_plot.gz
Trimethoprim,,,,1,0,/mnt/yasirvol/ANTIBIOTIC_STRESS_EXPERIMENT/ANALYSIS_BY_YASIRandKEITH/Trimethoprim/TMPrep1/TMPMIC_S1_L999_R1_001.out.gz.CP009273.insert_site_plot.gz,/mnt/yasirvol/ANTIBIOTIC_STRESS_EXPERIMENT/ANALYSIS_BY_YASIRandKEITH/Trimethoprim/TMPrep2/TMPrep2-MIC_S16_L999_R1_001.out.gz.CP009273.insert_site_plot.gz
Trimethoprim,,,,0.25,1,/mnt/yasirvol/ANTIBIOTIC_STRESS_EXPERIMENT/ANALYSIS_BY_YASIRandKEITH/Trimethoprim/TMPrep1/TMP0-25MIC1mM.out.gz.CP009273.insert_site_plot.gz,/mnt/yasirvol/ANTIBIOTIC_STRESS_EXPERIMENT/ANALYSIS_BY_YASIRandKEITH/Trimethoprim/TMPrep2/TMPrep2--25MIC1mM_S4_L999_R1_001.out.gz.CP009273.insert_site_plot.gz
Trimethoprim,,,,0.5,1,/mnt/yasirvol/ANTIBIOTIC_STRESS_EXPERIMENT/ANALYSIS_BY_YASIRandKEITH/Trimethoprim/TMPrep1/TMP0-5MIC1mM_S10_L999_R1_001.out.gz.CP009273.insert_site_plot.gz,/mnt/yasirvol/ANTIBIOTIC_STRESS_EXPERIMENT/ANALYSIS_BY_YASIRandKEITH/Trimethoprim/TMPrep2/TMPrep2-0-5MIC1mM_S5_L999_R1_001.out.gz.CP009273.insert_site_plot.gz
Trimethoprim,,,,2,1,/mnt/yasirvol/ANTIBIOTIC_STRESS_EXPERIMENT/ANALYSIS_BY_YASIRandKEITH/Trimethoprim/TMPrep1/TMP2MIC1mM_S3_L999_R1_001.out.gz.CP009273.insert_site_plot.gz,/mnt/yasirvol/ANTIBIOTIC_STRESS_EXPERIMENT/ANALYSIS_BY_YASIRandKEITH/Trimethoprim/TMPrep2/TMPrep2-2MIC1mM_S18_L999_R1_001.out.gz.CP009273.insert_site_plot.gz
Trimethoprim,,,,1,1,/mnt/yasirvol/ANTIBIOTIC_STRESS_EXPERIMENT/ANALYSIS_BY_YASIRandKEITH/Trimethoprim/TMPrep1/TMPMIC1mM_S18_L999_R1_001.out.gz.CP009273.insert_site_plot.gz,/mnt/yasirvol/ANTIBIOTIC_STRESS_EXPERIMENT/ANALYSIS_BY_YASIRandKEITH/Trimethoprim/TMPrep2/TMPrep2-MIC1mM_S13_L999_R1_001.out.gz.CP009273.insert_site_plot.gz
Trimethoprim,,,,0.25,2,/mnt/yasirvol/ANTIBIOTIC_STRESS_EXPERIMENT/ANALYSIS_BY_YASIRandKEITH/Trimethoprim/TMPrep1/TMP0-25MIC-2mM.out.gz.CP009273.insert_site_plot.gz,/mnt/yasirvol/ANTIBIOTIC_STRESS_EXPERIMENT/ANALYSIS_BY_YASIRandKEITH/Trimethoprim/TMPrep2/TMPrep2--25MIC-2mM_S9_L999_R1_001.out.gz.CP009273.insert_site_plot.gz
Trimethoprim,,,,0.5,2,/mnt/yasirvol/ANTIBIOTIC_STRESS_EXPERIMENT/ANALYSIS_BY_YASIRandKEITH/Trimethoprim/TMPrep1/TMP0-5MIC-2mM_S9_L999_R1_001.out.gz.CP009273.insert_site_plot.gz,/mnt/yasirvol/ANTIBIOTIC_STRESS_EXPERIMENT/ANALYSIS_BY_YASIRandKEITH/Trimethoprim/TMPrep2/TMPrep2-0-5MIC-2mM_S7_L999_R1_001.out.gz.CP009273.insert_site_plot.gz
Trimethoprim,,,,2,2,/mnt/yasirvol/ANTIBIOTIC_STRESS_EXPERIMENT/ANALYSIS_BY_YASIRandKEITH/Trimethoprim/TMPrep1/TMP2MIC-2mM_S7_L999_R1_001.out.gz.CP009273.insert_site_plot.gz,/mnt/yasirvol/ANTIBIOTIC_STRESS_EXPERIMENT/ANALYSIS_BY_YASIRandKEITH/Trimethoprim/TMPrep2/TMPrep2-2MIC-2mM_S17_L999_R1_001.out.gz.CP009273.insert_site_plot.gz
Trimethoprim,,,,1,2,/mnt/yasirvol/ANTIBIOTIC_STRESS_EXPERIMENT/ANALYSIS_BY_YASIRandKEITH/Trimethoprim/TMPrep1/TMPMIC-2mM_S17_L999_R1_001.out.gz.CP009273.insert_site_plot.gz,/mnt/yasirvol/ANTIBIOTIC_STRESS_EXPERIMENT/ANALYSIS_BY_YASIRandKEITH/Trimethoprim/TMPrep2/TMPrep2-MIC-2mM_S15_L999_R1_001.out.gz.CP009273.insert_site_plot.gz
Trimethoprim,,,,0.25,pool,missing,/mnt/yasirvol/ANTIBIOTIC_STRESS_EXPERIMENT/ANALYSIS_BY_YASIRandKEITH/combined_plots/Trimethoprim-TMPrep2/combined/25MIC.insert_site_plot.gz
Trimethoprim,,,,0.5,pool,/mnt/yasirvol/ANTIBIOTIC_STRESS_EXPERIMENT/ANALYSIS_BY_YASIRandKEITH/combined_plots/Trimethoprim-TMPrep1/combined/5MIC.insert_site_plot.gz,/mnt/yasirvol/ANTIBIOTIC_STRESS_EXPERIMENT/ANALYSIS_BY_YASIRandKEITH/combined_plots/Trimethoprim-TMPrep2/combined/5MIC.insert_site_plot.gz
Trimethoprim,,,,1,pool,/mnt/yasirvol/ANTIBIOTIC_STRESS_EXPERIMENT/ANALYSIS_BY_YASIRandKEITH/combined_plots/Trimethoprim-TMPrep1/combined/MIC.insert_site_plot.gz,/mnt/yasirvol/ANTIBIOTIC_STRESS_EXPERIMENT/ANALYSIS_BY_YASIRandKEITH/combined_plots/Trimethoprim-TMPrep2/combined/MIC.insert_site_plot.gz
Trimethoprim,,,,2,pool,/mnt/yasirvol/ANTIBIOTIC_STRESS_EXPERIMENT/ANALYSIS_BY_YASIRandKEITH/combined_plots/Trimethoprim-TMPrep1/combined/2MIC.insert_site_plot.gz,/mnt/yasirvol/ANTIBIOTIC_STRESS_EXPERIMENT/ANALYSIS_BY_YASIRandKEITH/combined_plots/Trimethoprim-TMPrep2/combined/2MIC.insert_site_plot.gz